1,苹果园,116.1726,39.921,0,0,0,1,0,0,0,0,0,18,77,142,343,635,797,723,627,478,441,410,426,405,406,370,406,410,454,444,552,599,720,933,1051,1384,2585,3395,3098,1852,1143,809,741,648,621,550,732,258,45,9
2,古城路,116.1844,39.9041,0,0,0,0,0,0,0,0,0,5,13,76,211,457,656,579,479,285,263,190,210,212,207,214,207,238,243,209,265,294,346,419,444,610,1205,1855,1924,1194,793,497,469,466,431,340,370,136,30,7
3,八角游乐园,116.208,39.9046,0,0,0,0,0,0,0,0,0,6,15,56,172,433,808,907,807,519,367,258,228,244,229,237,264,217,237,258,270,335,373,453,508,736,1363,1861,1792,1204,658,498,467,368,355,274,307,158,20,2
4,八宝山,116.2307,39.9047,0,0,0,0,0,0,0,0,0,8,24,57,210,434,763,810,727,537,381,267,272,260,222,275,248,279,268,255,290,325,404,410,546,790,1687,2046,2017,1271,754,467,412,360,355,224,251,103,18,0
5,玉泉路,116.2483,39.905,0,0,0,0,0,0,0,0,0,6,32,74,208,655,1099,1146,868,523,380,353,340,313,287,345,312,318,342,336,363,404,439,542,651,1068,2028,2491,2156,1425,799,604,494,500,474,305,261,101,29,1
6,五棵松,116.2692,39.9053,0,0,0,0,0,0,0,0,0,6,39,170,439,1097,1935,1915,1408,956,684,588,485,438,470,440,483,537,617,617,592,527,556,537,719,980,1899,2710,2726,1595,671,360,347,318,325,221,167,78,17,0
7,万寿路,116.2899,39.9054,0,0,0,0,0,0,0,0,0,2,20,49,156,576,1063,1354,1108,691,403,302,289,283,268,280,297,244,281,293,326,302,292,369,474,640,1310,1553,1335,868,486,336,299,274,252,190,182,67,10,1
8,公主坟,116.3052,39.9054,0,0,0,0,0,0,0,0,0,9,18,53,214,711,1298,1784,1409,665,369,291,267,227,245,225,256,248,281,325,293,268,245,247,269,345,571,653,530,384,178,139,124,113,90,89,73,69,8,1
9,军事博物馆,116.3163,39.9057,0,0,0,0,0,0,0,0,0,1,19,87,316,984,1648,1903,1523,837,530,446,348,262,246,226,258,244,282,250,268,213,224,265,275,402,618,738,629,427,235,176,170,145,138,120,121,65,13,0
10,木樨地,116.3306,39.9059,0,0,0,0,0,0,0,0,0,5,16,78,272,981,2045,1965,1209,612,346,292,222,177,137,159,167,162,222,193,173,165,179,191,257,351,589,644,595,395,209,158,176,138,123,118,126,51,8,0
11,南礼士路,116.3471,39.9053,0,0,0,0,0,0,0,0,0,2,26,108,370,1133,1888,2547,2254,1472,755,416,326,317,286,262,254,304,340,320,313,284,273,254,334,437,712,755,718,492,273,172,181,154,135,113,132,90,6,0
12,复兴门,116.3529,39.9054,0,0,0,0,0,0,0,0,0,10,43,143,349,1456,4529,7751,5588,2467,1136,679,536,430,410,386,421,472,474,449,506,365,377,349,352,361,570,719,544,308,154,102,107,91,76,65,61,53,9,0
13,西单,116.3679,39.9053,0,0,0,0,0,0,0,0,0,2,33,144,448,1366,3359,5183,4275,2315,1808,1481,1548,1489,1443,1431,1275,1348,1445,1544,1517,1317,1173,1070,1101,1228,1623,1897,1670,1047,551,337,241,166,132,100,102,75,25,0
14,天安门西,116.3866,39.9058,0,0,0,0,0,0,0,0,0,0,23,52,153,391,518,264,286,263,272,234,205,171,143,129,159,166,205,234,157,112,113,102,96,108,120,129,131,128,51,31,22,26,26,15,9,12,2,0
15,天安门东,116.3981,39.9062,0,0,0,0,0,0,0,0,0,8,58,107,206,417,697,657,585,599,664,586,497,364,336,281,252,271,269,310,283,221,144,133,152,118,152,142,131,103,63,58,40,44,44,23,25,19,6,0
16,王府井,116.4074,39.9066,0,0,0,0,0,0,0,0,0,1,26,67,193,529,1271,2260,2772,1925,1193,830,675,637,580,615,536,508,599,648,663,540,509,445,450,506,693,727,667,464,257,151,102,92,61,61,35,30,1,0
17,东单,116.4122,39.9065,0,0,0,0,0,0,0,0,0,9,68,216,520,1501,3050,4688,4586,3383,2067,1106,709,567,484,483,621,704,670,525,492,421,378,313,326,313,515,500,438,293,179,129,108,102,89,52,75,57,13,4
18,建国门,116.431,39.907,0,0,0,0,0,0,0,0,0,2,46,98,287,851,2071,4134,4384,2917,1709,894,566,391,347,345,379,427,429,435,383,337,318,273,268,289,511,585,524,347,195,150,95,110,97,57,77,71,9,0
19,永安里,116.4456,39.9079,0,0,0,0,0,0,0,0,0,1,17,91,430,785,2118,5183,5666,3537,1836,1011,586,488,432,439,441,436,462,449,414,342,309,320,297,312,442,534,495,360,201,136,101,104,103,75,86,43,2,0
20,国贸,116.4562,39.9072,1,0,0,0,0,0,0,0,0,16,109,205,484,1462,3524,7631,9193,6486,4001,2132,1402,1080,1022,1008,1059,1139,1131,1134,1111,1098,1122,1112,1272,1357,2225,2744,2748,1732,1042,650,537,365,322,199,160,148,23,1
21,大望路,116.4727,39.9071,0,0,0,0,0,0,0,0,0,15,91,182,370,1060,2813,5809,7037,5596,3251,1751,1226,967,974,891,997,941,1126,1092,952,930,934,936,1076,1097,1614,2071,2151,1488,952,698,607,596,526,371,291,185,26,0
22,四惠,116.4904,39.9079,0,0,0,0,0,0,0,0,0,13,63,157,420,955,2189,3826,3716,2304,1309,781,587,567,502,512,518,510,462,455,507,482,532,639,574,746,1287,1663,1803,1257,851,563,513,394,394,259,258,129,28,1
23,四惠东,116.5097,39.9085,0,0,0,0,0,0,0,0,0,2,12,50,155,473,1167,1929,2260,1392,631,374,274,235,258,254,234,263,234,244,263,238,265,330,410,476,925,1200,1454,1006,663,453,424,383,391,324,339,153,88,8
24,西直门,116.3489,39.9391,0,0,0,0,0,0,0,0,0,19,106,239,639,1918,4340,6603,5982,3203,1933,1258,1066,947,956,942,1002,920,988,854,857,793,771,898,1016,1201,2057,2770,2751,1814,1135,698,659,514,503,424,434,228,21,0
25,车公庄,116.35,39.9316,0,0,0,0,0,0,0,0,0,7,32,114,384,1067,2475,3343,2905,1688,924,566,461,368,359,329,304,357,356,304,318,311,288,326,382,449,770,931,817,572,354,219,222,170,186,164,118,75,10,1
26,阜成门,116.3503,39.9228,0,0,0,0,0,0,0,0,0,6,70,187,653,1890,4313,6862,5206,2530,1294,855,631,569,527,462,515,557,586,572,515,455,481,466,491,600,970,1115,958,619,363,284,223,235,185,160,131,61,4,0
27,长椿街,116.3578,39.8977,0,0,0,0,0,0,0,0,0,9,46,114,382,1058,2206,2723,2082,1209,724,475,408,394,347,308,390,379,362,389,387,451,454,524,567,750,1620,2218,2048,1303,774,579,431,417,372,279,254,86,2,0
28,宣武门,116.3692,39.8983,0,0,0,0,0,0,0,0,0,3,18,67,199,698,1853,3118,3026,1402,715,445,362,377,333,320,335,350,431,424,413,392,338,313,332,462,738,956,932,685,368,230,203,228,196,176,159,80,11,0
29,和平门,116.3789,39.8986,0,0,0,0,0,0,0,0,0,2,5,32,174,653,841,732,614,387,231,172,133,146,123,129,103,158,150,157,182,188,172,184,217,288,554,789,756,450,254,161,144,129,125,83,106,30,2,0
30,前门,116.3928,39.8994,0,0,0,0,0,0,0,0,0,17,39,86,194,493,722,745,614,538,544,477,443,384,407,328,352,361,363,353,364,292,355,370,383,473,756,914,799,513,351,224,242,145,201,140,139,38,2,0
31,崇文门,116.412,39.9005,0,0,0,0,0,0,0,0,0,9,78,206,644,1687,2968,2870,2811,1862,1407,1083,862,774,800,743,900,879,760,748,793,679,761,805,820,989,1757,2345,2305,1441,842,526,412,369,317,243,215,93,12,0
32,北京站,116.4212,39.9041,0,0,0,0,0,0,0,0,0,15,178,305,448,724,1356,1918,2119,1572,1242,1036,872,813,831,794,857,751,795,747,843,785,767,745,724,777,941,971,1002,922,885,797,730,738,706,489,296,66,10,0
33,朝阳门,116.429,39.9225,0,0,0,0,0,0,0,0,0,8,35,107,452,1853,5297,9495,9025,5576,3142,1651,1076,859,719,664,734,817,949,742,723,693,699,647,707,783,1204,1388,1264,779,472,292,251,241,242,156,164,62,16,0
34,东四十条,116.4281,39.9317,0,0,0,0,0,0,0,0,0,5,34,114,318,1072,2610,5241,5731,3586,1997,955,581,509,456,422,441,498,526,475,451,430,399,383,385,502,724,912,897,523,296,201,169,160,150,117,113,41,3,0
35,东直门,116.4272,39.9392,0,0,1,0,0,0,0,0,0,91,298,492,1102,2100,3631,5446,5695,4042,2446,1571,1397,1314,1320,1290,1387,1270,1310,1274,1397,1533,1587,1605,1709,1854,3023,3672,3435,2060,1191,769,676,499,468,355,316,128,19,0
36,雍和宫,116.4106,39.9481,0,0,0,0,0,0,0,0,0,2,25,65,217,607,1322,2424,3224,2223,1432,811,575,464,384,313,375,400,384,385,368,334,316,307,305,351,625,776,701,477,265,197,166,163,161,127,119,44,8,0
37,安定门,116.4022,39.9479,0,0,0,0,0,0,0,0,0,3,18,50,207,573,1311,1847,1290,646,417,320,224,212,217,202,203,203,236,216,283,226,268,286,370,419,852,1084,967,690,403,243,233,187,207,139,122,42,6,0
38,鼓楼大街,116.3893,39.9477,0,0,0,0,0,0,0,0,0,6,20,71,330,953,1806,2042,1166,565,362,300,240,239,222,186,243,188,224,214,247,205,297,290,366,471,883,1103,1076,690,491,309,276,224,284,200,134,49,13,2
39,积水潭,116.3666,39.9473,0,0,0,0,0,0,0,0,0,47,152,278,574,1492,2535,2984,2283,1490,1069,854,755,685,694,625,705,688,684,652,731,783,773,883,874,1050,1921,2405,2266,1521,908,634,550,412,405,270,172,92,29,1
40,安河桥北,116.264,40.0101,0,0,0,0,0,0,0,0,0,2,29,61,134,306,377,453,300,189,151,152,160,192,159,142,171,168,203,202,209,265,325,339,489,738,1238,1606,1399,889,512,349,341,263,271,178,140,47,20,1
41,北宫门,116.2713,39.9999,0,0,0,0,0,0,0,0,0,11,54,110,190,334,403,336,291,276,297,266,222,227,236,237,196,236,245,262,254,278,302,341,395,443,707,1019,1113,804,535,363,349,327,328,206,184,42,10,0
42,西苑,116.2859,39.9958,0,0,0,0,0,0,0,0,0,9,42,89,172,372,467,333,260,206,190,185,181,174,173,215,221,191,185,188,220,247,252,320,324,431,764,1011,1187,871,562,426,377,315,306,251,163,55,9,3
43,圆明园,116.3042,39.9972,0,0,0,0,0,0,0,0,0,1,14,24,73,228,287,333,263,158,121,137,103,112,96,108,111,152,134,118,120,129,129,122,116,172,305,427,519,324,190,163,111,120,141,111,118,32,7,1
44,北京大学东门,116.3095,39.9894,0,0,0,0,0,0,0,0,0,2,12,53,106,368,781,906,741,558,348,244,208,187,165,174,162,205,228,219,248,234,187,225,236,286,465,552,478,289,204,170,163,155,148,83,98,43,7,1
45,中关村,116.3099,39.9833,0,0,0,0,0,0,0,0,0,4,22,59,190,803,2430,4275,4655,3979,2797,1354,881,705,640,569,627,624,596,566,573,505,520,438,428,433,499,593,477,287,196,153,109,97,113,69,79,35,4,0
46,海淀黄庄,116.3105,39.974,0,0,0,0,0,0,0,0,0,2,13,91,305,1246,3226,4734,5137,3936,2560,1355,899,685,652,702,671,689,692,544,594,523,554,520,507,575,952,1163,1071,705,410,297,229,211,163,153,173,74,21,3
47,人民大学,116.3151,39.965,0,0,0,0,0,0,0,0,0,5,27,57,247,796,1915,2848,2729,1694,865,564,425,376,407,428,422,411,418,452,474,400,362,370,377,495,950,1105,1059,660,400,306,261,254,260,200,148,56,6,0
48,魏公村,116.3167,39.955,0,0,0,0,0,0,0,0,0,9,36,88,203,625,1811,3118,2507,1441,800,432,327,349,305,277,360,360,347,320,285,325,298,346,306,406,664,882,813,573,344,257,237,266,242,212,139,59,8,0
49,国家图书馆,116.3187,39.9412,0,0,0,0,0,0,0,0,0,2,17,52,198,663,1544,2167,1731,902,470,318,256,246,213,222,252,256,274,264,242,215,214,206,265,294,455,549,478,315,190,179,144,138,117,104,97,44,3,0
50,动物园,116.334,39.9364,0,0,0,0,0,0,0,0,0,1,33,98,163,461,1098,1536,1194,872,663,640,609,518,431,403,381,380,388,337,304,256,207,166,133,171,175,260,222,133,85,73,65,47,66,30,27,16,0,0
51,新街口,116.3613,39.9391,0,0,0,0,0,0,0,0,0,1,8,47,198,715,893,1096,922,499,309,193,185,163,172,149,163,190,172,174,175,183,194,207,220,259,508,597,551,363,220,152,158,150,132,92,75,32,6,2
52,平安里,116.3666,39.9317,0,0,0,0,0,0,0,0,0,1,17,81,324,1183,1428,1084,886,556,442,342,263,271,258,252,256,276,260,263,275,298,264,274,351,436,701,842,738,480,307,208,189,208,176,144,130,81,16,1
53,西四,116.3672,39.9228,0,0,0,0,0,0,0,0,0,1,12,47,237,706,1039,976,778,435,310,202,199,164,145,157,189,162,188,145,158,143,145,143,175,215,304,389,357,190,128,106,99,73,88,80,54,16,0,0
54,灵境胡同,116.3675,39.9148,0,0,0,0,0,0,0,0,0,1,10,66,169,670,1954,2850,2182,1090,544,350,299,231,236,226,268,233,257,241,262,257,154,182,215,247,462,568,472,293,193,116,95,93,78,60,70,31,3,0
55,菜市口,116.3682,39.8879,0,0,0,0,0,0,0,0,0,2,11,36,139,403,664,966,912,500,278,213,201,156,202,181,166,209,210,203,191,202,210,302,284,358,617,718,715,467,312,189,185,166,177,133,152,84,5,0
56,陶然亭,116.3684,39.877,0,0,0,0,0,0,0,0,0,0,16,80,355,1047,1381,1419,1208,601,416,366,314,287,289,239,279,305,278,304,354,346,360,513,570,701,1216,1592,1510,1010,636,454,413,391,369,282,263,90,9,0
57,北京南站,116.3733,39.8633,0,0,0,0,0,0,0,0,0,19,156,519,890,1497,1944,1994,1814,1393,1145,1083,951,922,902,897,977,944,970,879,881,936,891,862,963,1025,1550,2004,1948,1316,874,672,570,427,385,273,199,47,3,1
58,马家堡,116.3657,39.8518,0,0,0,0,0,0,0,0,0,0,3,26,84,265,534,702,592,354,278,228,225,202,243,206,221,214,242,202,250,234,248,365,419,499,1012,1380,1308,884,576,436,365,325,330,258,254,78,11,0
59,角门西,116.3657,39.8445,0,0,0,0,0,0,0,0,0,1,26,36,118,334,538,759,744,435,376,311,291,301,295,263,276,282,280,320,297,371,464,606,651,835,1639,2097,2076,1274,891,576,530,477,477,338,313,144,9,0
60,公益西桥,116.3658,39.834,0,0,0,0,0,0,0,0,0,2,9,35,134,308,704,938,843,518,368,304,283,294,264,289,300,271,293,277,319,300,357,531,579,653,1389,1856,1807,1164,779,519,484,431,343,303,286,192,17,1
61,天通苑北,116.4057,40.0815,0,0,0,0,0,0,0,0,0,33,88,158,217,343,508,464,386,346,361,384,349,426,517,367,422,374,400,419,533,617,720,816,1061,1201,2349,3751,4631,3346,2095,1315,1135,1042,941,729,544,168,33,9
62,天通苑,116.4057,40.0732,1,0,0,0,0,0,0,0,0,16,48,81,144,248,362,403,393,317,331,339,361,340,357,377,374,322,345,392,451,555,705,924,1105,1358,2942,4654,5683,4472,2948,1980,1576,1425,1377,944,747,245,49,3
63,天通苑南,116.4057,40.0645,0,0,0,0,0,0,0,0,0,0,8,23,37,118,257,322,281,208,160,143,149,158,167,154,149,129,147,182,161,189,228,340,349,505,1097,1596,1681,1320,834,570,432,360,375,228,203,75,19,3
64,立水桥,116.4048,40.0508,0,0,0,0,0,0,0,0,0,14,11,62,130,253,449,722,780,531,420,365,324,350,328,407,350,359,386,385,407,437,534,578,724,937,2000,3442,4097,3236,2267,1394,1084,989,949,636,446,174,30,4
65,立水桥南,116.4075,40.0405,0,0,0,0,0,0,0,0,0,4,11,29,86,201,463,755,886,650,453,270,164,165,146,145,190,168,188,182,214,206,225,343,387,500,1090,1556,1655,1265,797,543,491,386,337,247,180,55,14,1
66,北苑路北,116.4112,40.0289,0,0,0,0,0,0,0,0,0,6,16,68,193,560,1347,2014,2383,2034,1199,500,340,265,248,242,265,266,340,326,294,258,352,405,405,536,1024,1256,1277,896,624,395,305,281,258,225,137,56,9,0
67,大屯路东,116.4101,40.0026,0,0,0,0,0,0,0,0,0,8,28,78,204,654,1361,1998,2321,1775,1479,760,424,305,289,304,361,349,321,318,323,321,294,386,406,528,918,1097,1071,740,427,315,317,257,243,196,139,66,9,0
68,惠新西街北口,116.4104,39.9868,0,0,0,0,0,0,0,0,0,3,31,80,326,1212,2490,3077,2812,1824,1010,596,453,389,393,363,345,383,397,367,377,320,393,456,436,533,1058,1274,1207,852,558,426,334,328,322,236,221,66,11,0
69,惠新西街南口,116.4107,39.9758,0,0,0,0,0,0,0,0,0,2,18,83,228,732,1280,1488,1458,820,506,329,254,207,177,217,252,234,272,249,244,249,261,312,347,458,972,1330,1291,936,601,434,323,303,290,260,181,91,31,2
70,和平西桥,116.4113,39.9676,0,0,0,0,0,0,0,0,0,5,28,75,261,752,1705,2647,2559,1494,684,435,310,270,259,255,220,257,269,262,250,246,296,347,395,475,748,999,866,653,413,249,251,220,222,176,143,43,8,0
71,和平里北街,116.4119,39.9579,0,0,0,0,0,0,0,0,0,1,8,41,226,832,1525,1483,1144,604,358,231,213,179,154,172,196,201,219,181,221,232,318,294,300,425,799,947,762,461,309,192,195,201,172,109,114,44,7,0
72,北新桥,116.4105,39.9395,0,0,0,0,0,0,0,0,0,0,7,41,236,759,765,716,978,779,546,327,242,220,188,189,166,180,186,184,184,180,203,226,294,351,584,803,771,538,321,214,145,151,155,144,99,41,13,0
73,张自忠路,116.4108,39.9321,0,0,0,0,0,0,0,0,0,3,24,51,233,604,724,719,673,469,300,256,162,130,109,105,107,110,147,149,128,173,154,160,151,187,303,382,372,234,139,103,111,103,94,71,73,20,3,0
74,东四,116.4128,39.9232,0,0,0,0,0,0,0,0,0,1,8,82,323,863,1642,2193,1678,913,532,363,333,278,267,220,221,283,278,293,248,254,285,266,294,336,683,761,651,430,277,230,187,154,155,115,93,49,10,0
75,灯市口,116.4117,39.9148,0,0,0,0,0,0,0,0,0,6,36,137,507,1356,1657,2367,2504,1802,1070,701,479,312,263,242,291,302,348,288,291,270,196,204,232,239,411,480,379,249,142,136,93,63,85,56,56,12,2,0
76,磁器口,116.4128,39.8918,0,0,0,0,0,0,0,0,0,1,15,30,119,356,780,1360,1583,901,486,395,306,252,229,200,243,240,281,271,247,224,206,283,265,313,516,562,516,341,200,169,104,143,120,95,127,62,27,6
77,天坛东门,116.4148,39.8815,0,0,0,0,0,0,0,0,0,1,15,65,253,589,892,896,786,523,377,318,285,247,200,218,235,229,284,269,290,230,228,311,278,372,637,827,734,510,289,208,191,171,134,102,101,40,4,0
78,蒲黄榆,116.4158,39.8644,0,0,0,0,0,0,0,0,0,3,20,60,222,525,796,878,682,467,398,375,330,363,293,377,322,331,340,350,382,400,568,707,816,1050,2167,3026,3045,1917,1213,792,656,602,575,440,394,181,28,0
79,刘家窑,116.4166,39.8557,0,0,0,0,0,0,0,0,0,7,35,93,234,522,992,1189,928,604,481,424,395,387,409,384,344,346,342,367,376,366,480,617,615,838,1668,2304,2335,1493,873,602,529,446,484,359,343,138,18,1
80,宋家庄,116.4231,39.8448,0,0,0,0,0,0,0,0,0,12,31,59,229,629,925,1061,912,585,441,391,350,363,392,372,375,399,367,394,502,495,654,873,962,1170,2150,3283,3408,2282,1354,916,777,848,790,599,595,249,52,1
81,海淀五路居,116.27,39.9307,0,0,0,1,0,0,0,0,0,8,32,75,248,755,1699,1967,1451,760,500,384,349,304,306,307,342,350,366,400,386,347,448,501,643,792,1705,2200,2134,1387,838,636,478,464,506,384,263,79,23,0
82,慈寿寺,116.2894,39.9309,0,0,0,0,0,0,0,0,0,1,5,30,92,215,400,587,419,237,115,76,78,74,73,66,84,96,85,101,105,99,140,141,211,302,600,737,697,486,284,184,169,162,152,92,78,30,10,1
83,花园桥,116.3052,39.931,0,0,0,0,0,0,0,0,0,4,22,35,141,489,1262,1753,1320,696,423,289,217,207,189,209,211,192,215,192,191,194,183,216,241,352,590,727,743,471,261,207,183,192,183,147,99,54,6,0
84,白石桥南,116.3205,39.9312,0,0,0,0,0,0,0,0,0,3,15,41,216,745,2042,3423,3132,1581,638,362,288,262,242,175,212,212,263,250,208,219,256,267,323,368,750,793,670,481,280,247,190,176,159,139,106,65,20,0
85,车公庄西,116.3387,39.9313,0,0,0,0,0,0,0,0,0,0,9,30,132,414,987,1286,1112,676,356,201,158,144,110,98,121,110,136,122,132,143,110,122,145,208,406,471,445,294,158,133,97,115,119,82,65,32,3,0
86,北海北,116.3801,39.9313,0,0,0,0,0,0,0,0,0,1,16,67,201,655,633,416,372,300,250,215,165,142,116,108,113,149,149,145,130,154,110,119,152,162,294,309,279,200,97,90,79,72,59,60,48,17,3,0
87,南锣鼓巷,116.3982,39.9315,0,0,0,0,0,0,0,0,0,8,15,82,286,628,944,884,729,481,426,414,353,303,338,304,365,356,322,362,394,342,397,387,406,350,494,641,651,483,270,181,126,129,124,88,74,43,8,1
88,东大桥,116.444,39.9222,0,0,0,0,0,0,0,0,0,2,24,91,438,1138,2227,3867,4546,3021,2047,1175,721,561,437,415,527,518,511,513,509,359,365,343,387,431,620,770,645,496,294,149,167,161,121,81,82,36,9,0
89,呼家楼,116.4555,39.9223,0,1,0,0,0,0,0,0,0,0,21,52,226,636,1662,3451,4460,2968,1684,957,485,420,360,326,368,379,379,359,336,335,305,373,344,422,690,879,886,529,351,256,242,208,191,122,152,74,15,1
90,金台路,116.4716,39.9218,0,0,0,0,0,0,0,0,0,5,12,59,219,626,1179,1678,1682,1134,673,478,360,253,280,277,261,273,294,301,287,256,306,381,506,547,962,1363,1362,1037,638,465,400,373,323,294,225,103,19,2
91,十里堡,116.496,39.9215,0,0,0,0,0,0,0,0,0,0,10,42,130,310,694,1049,1062,749,529,334,280,272,267,292,283,239,288,288,306,337,423,512,579,720,1434,2140,2164,1628,964,752,633,565,524,400,366,123,26,4
92,青年路,116.5119,39.9217,0,0,0,0,0,0,0,0,0,1,19,47,154,388,798,1202,1257,1095,793,606,532,496,491,448,516,471,429,475,569,540,609,762,776,1089,2113,2745,2931,2114,1270,824,659,534,522,404,367,131,30,2
93,褡裢坡,116.558,39.9236,0,0,0,0,0,0,0,0,0,1,14,21,66,150,265,369,257,210,142,143,141,133,135,152,151,151,153,206,207,251,306,384,401,530,1070,1619,1890,1390,899,604,563,523,462,394,329,116,34,12
94,黄渠,116.573,39.9241,0,0,0,0,0,0,0,0,0,2,10,19,63,120,227,248,263,234,167,158,129,136,125,153,126,129,150,152,180,226,256,360,397,498,1117,1765,2125,1477,951,647,532,493,448,341,262,119,24,3
95,常营,116.5941,39.9255,0,0,0,0,0,0,0,0,0,3,16,20,37,121,228,417,462,382,292,208,215,206,231,216,253,230,233,241,257,321,351,491,502,733,1576,2244,2277,1666,1022,669,544,491,428,326,244,149,40,5
96,草房,116.6108,39.9241,0,0,0,0,0,0,0,0,0,11,30,63,162,317,498,598,480,379,372,301,289,273,305,305,345,337,312,337,438,476,577,723,727,936,1798,2714,3190,2337,1560,1012,783,678,654,514,428,181,56,6
97,物资学院路,116.6326,39.9257,0,0,0,0,0,0,0,0,0,6,11,25,53,121,183,196,143,103,90,90,108,104,116,135,118,104,140,145,135,174,205,273,285,402,860,1269,1333,910,535,432,394,305,277,184,170,36,9,0
98,通州北关,116.6516,39.9236,0,0,0,0,0,0,0,0,0,3,14,7,25,47,56,54,32,40,39,39,33,45,49,48,33,37,42,37,44,54,66,61,95,134,219,347,408,210,128,88,75,66,68,44,35,13,5,0
99,北运河西,116.6675,39.9112,0,0,0,0,0,0,0,0,0,0,6,5,20,41,62,68,62,58,51,50,65,63,59,59,58,62,80,77,102,110,165,182,229,344,773,1059,1025,636,363,288,197,189,161,115,97,31,1,0
100,郝家府,116.6804,39.9037,0,0,0,0,0,0,0,0,0,0,3,2,5,3,11,16,12,12,12,12,20,15,14,14,11,16,13,15,13,22,30,35,41,37,90,130,123,72,40,23,20,16,14,16,10,6,0,0
101,东夏园,116.7164,39.9039,0,0,0,0,0,0,0,0,0,5,0,3,5,8,16,14,11,24,12,17,18,9,14,15,14,13,34,17,24,29,31,34,50,48,113,153,169,87,55,32,30,13,11,12,13,3,0,0
102,潞城,116.7472,39.9033,0,0,0,0,0,0,0,0,0,0,6,2,9,10,24,28,30,31,27,17,27,25,27,27,16,18,33,23,33,38,44,65,57,90,181,259,254,134,66,35,34,29,31,23,27,9,2,2
103,北京西站,116.3153,39.8925,1,0,0,0,0,0,0,0,0,27,173,467,786,1207,1864,2458,2025,1522,1306,1181,1076,1014,975,1012,1038,1048,1105,1034,980,873,972,915,922,970,1195,1307,1350,1094,836,790,692,635,470,333,203,68,15,8
104,湾子,116.3225,39.888,0,0,0,0,0,0,0,0,0,1,2,32,86,242,515,731,589,291,197,155,101,95,111,119,104,120,131,160,149,125,170,181,207,279,593,698,697,475,264,178,154,153,140,107,62,12,1,0
105,达官营,116.3314,39.8879,0,0,0,0,0,0,0,0,0,1,5,26,73,236,435,636,475,233,188,138,152,138,141,158,123,155,155,165,143,187,208,283,340,536,1118,1549,1320,860,541,323,323,327,295,207,142,45,2,0
106,广安门内,116.3534,39.8873,0,0,0,0,0,0,0,0,0,3,19,51,153,546,1220,1446,1113,576,330,253,243,216,194,192,234,199,212,253,214,214,194,222,250,335,555,636,604,392,264,143,131,138,128,64,70,16,1,0
107,虎坊桥,116.3794,39.8877,0,0,0,0,0,0,0,0,0,0,6,7,51,201,336,401,313,243,147,102,77,70,79,59,70,65,88,53,75,60,101,86,78,144,263,252,296,173,97,70,71,48,54,66,34,19,3,1
108,珠市口,116.3932,39.8894,0,0,0,0,0,0,0,0,0,0,2,14,61,160,247,303,292,184,184,117,109,86,90,72,89,94,89,86,104,76,79,73,84,119,145,158,161,96,85,59,44,52,47,46,29,6,2,3
109,桥湾,116.4012,39.8909,0,0,0,0,0,0,0,0,0,0,1,10,38,81,178,301,265,162,83,61,40,33,37,47,38,55,47,54,45,52,52,59,61,67,133,157,137,98,75,56,54,41,19,32,24,5,2,0
110,广渠门内,116.4231,39.8926,0,0,0,0,0,0,0,0,0,0,2,24,99,279,609,1135,1053,581,340,178,152,117,112,138,158,133,136,129,144,145,156,218,225,295,542,664,585,371,249,185,138,152,147,98,92,52,6,0
111,广渠门外,116.4336,39.8926,0,0,0,0,0,0,0,0,0,0,3,8,42,151,329,592,660,389,198,114,105,102,71,84,91,104,87,115,92,97,112,131,171,172,386,482,430,268,167,109,116,95,108,96,74,25,3,4
112,九龙山,116.4734,39.8923,0,0,0,0,0,0,0,0,0,0,6,9,32,114,207,434,429,243,191,100,107,88,85,91,68,84,78,87,86,76,93,97,139,172,257,353,265,224,106,86,81,81,75,54,43,14,9,3
113,大郊亭,116.4833,39.8922,0,0,0,0,0,0,0,0,0,0,1,5,37,114,338,661,504,305,182,96,72,63,73,50,69,68,73,73,68,61,52,57,67,77,131,144,158,90,58,40,36,34,34,32,32,4,0,2
114,百子湾,116.4895,39.8923,0,0,0,0,0,0,0,0,0,0,7,19,63,126,442,664,593,351,239,116,96,93,80,97,108,108,114,119,89,103,104,136,148,155,298,442,463,316,178,121,126,109,115,102,50,34,10,0
115,化工,116.4982,39.887,0,0,0,0,0,0,0,0,0,0,1,0,1,5,19,27,33,41,6,2,4,7,2,0,4,16,5,2,3,6,7,6,4,4,7,18,10,6,1,7,2,2,5,3,2,0,1,0
116,南楼梓庄,116.4967,39.8739,0,0,0,0,0,0,0,0,0,0,3,7,22,38,77,103,83,68,69,52,41,43,35,40,43,43,36,43,44,57,62,85,84,103,149,243,224,132,98,63,62,72,73,48,30,17,2,0
117,欢乐谷景区,116.495,39.8686,0,0,0,0,0,0,0,0,0,1,5,11,27,40,73,93,96,102,103,78,94,78,54,84,76,79,66,73,105,120,135,198,214,264,494,681,610,311,185,166,129,110,112,80,64,30,2,0
118,双合,116.524,39.8582,0,0,0,0,0,0,0,0,0,0,2,11,23,25,28,23,36,27,30,22,27,27,24,41,24,31,35,29,46,61,72,84,86,130,270,348,366,220,153,100,84,93,74,60,63,30,8,0
119,焦化厂,116.5352,39.8529,1,0,0,0,0,0,0,0,0,0,8,14,15,37,69,44,46,32,39,27,33,25,28,26,28,27,36,49,41,59,74,75,74,95,154,207,201,134,74,52,47,38,25,24,32,10,5,1
120,朱辛庄,116.3062,40.1024,0,0,0,0,0,0,0,0,0,7,9,21,62,160,257,279,226,120,83,80,95,92,95,101,105,115,98,115,117,161,194,184,241,325,663,1422,1916,1380,943,608,469,408,350,266,153,55,10,0
121,育知路,116.3214,40.0889,0,0,0,0,0,0,0,0,0,2,6,25,65,119,141,95,91,74,51,54,67,55,62,39,58,68,76,77,73,74,95,89,120,125,280,445,499,355,258,176,141,129,123,68,62,4,0,0
122,平西府,116.3441,40.088,0,0,0,0,0,0,0,0,0,1,3,6,22,75,105,74,58,37,26,29,26,39,25,37,41,30,37,35,47,48,63,78,108,150,327,512,623,442,277,193,153,125,127,102,49,15,3,0
123,回龙观东大街,116.3566,40.0797,0,0,0,0,0,0,0,0,0,2,11,25,63,168,233,297,244,174,140,101,136,129,130,118,137,128,146,134,184,201,258,289,375,481,1195,2447,2966,2336,1580,990,707,589,589,366,190,41,5,1
124,霍营,116.3515,40.0694,0,0,0,0,0,0,0,0,0,6,24,33,82,171,287,298,355,307,199,156,169,157,170,206,193,199,216,217,285,309,359,473,571,811,1876,3621,4449,3654,2311,1491,1086,864,858,548,372,148,54,11
125,育新,116.34,40.0586,0,0,0,0,0,0,0,0,0,2,17,51,115,329,600,750,647,357,218,171,150,167,202,186,193,160,212,179,231,277,314,330,396,560,1271,1953,2192,1700,1106,695,572,400,422,264,150,39,0,0
126,西小口,116.3445,40.045,0,0,0,0,0,0,0,0,0,1,6,10,32,113,390,739,919,650,362,234,124,81,57,53,59,58,66,57,48,45,58,85,88,105,245,370,430,303,220,144,131,99,95,67,33,8,2,0
127,永泰庄,116.3477,40.0349,0,0,0,0,0,0,0,0,0,2,25,38,123,298,500,679,641,435,288,156,173,162,168,167,174,147,166,183,205,207,253,291,368,511,1082,1715,1952,1324,867,570,507,449,406,289,149,28,2,0
128,林萃桥,116.3674,40.0199,0,0,0,0,0,0,0,0,0,1,7,18,56,137,310,331,374,251,126,99,67,65,58,60,54,67,65,55,53,94,79,115,131,168,387,454,429,309,171,132,115,89,77,59,31,8,0,0
129,森林公园南门,116.386,40.0077,0,0,0,0,0,0,0,0,0,0,1,9,17,65,99,127,106,112,92,58,44,40,25,35,49,66,66,39,33,40,29,46,46,37,98,116,101,58,31,15,23,14,7,10,5,1,0,0
130,奥林匹克公园,116.3864,40.0005,0,0,0,0,0,0,0,0,0,3,12,33,116,313,948,1990,2426,1120,721,404,218,169,170,158,201,211,238,180,172,192,165,192,208,236,381,482,507,373,238,135,84,73,75,42,38,15,0,0
131,奥体中心,116.3875,39.9854,0,0,0,0,0,0,0,0,0,1,3,8,21,119,352,712,615,361,180,105,72,73,63,80,80,91,118,99,88,89,104,87,64,93,91,131,115,119,57,45,44,18,11,9,4,3,1,0
132,北土城,116.387,39.9758,0,0,0,0,0,0,0,0,1,3,15,44,118,345,751,999,866,461,272,191,149,116,119,115,127,125,136,97,120,106,109,138,185,232,429,583,535,381,262,140,129,140,121,97,58,44,4,0
133,安华桥,116.3882,39.9672,0,0,0,0,0,0,0,0,0,0,8,16,123,452,1047,1582,1345,623,333,217,153,122,118,108,149,116,131,121,126,130,130,142,225,257,597,687,753,424,294,184,189,163,160,106,73,7,0,1
134,什刹海,116.3877,39.9414,0,0,0,0,0,0,0,0,0,1,2,7,37,78,122,140,111,116,114,81,84,47,71,67,65,92,76,68,68,64,70,83,94,127,180,242,277,180,108,71,61,47,59,40,21,1,0,0
135,白堆子,116.3196,39.9216,0,0,0,0,0,0,0,0,0,2,13,70,251,798,1145,1263,911,529,345,198,161,128,114,134,141,169,165,165,161,167,165,149,225,264,371,474,457,289,189,145,132,121,121,86,67,25,0,0
136,六里桥东,116.3097,39.8848,1,0,0,0,0,0,0,0,0,3,38,120,263,472,742,731,573,421,395,333,332,354,364,360,353,352,347,384,399,474,539,573,633,877,1665,2310,2033,1259,770,495,410,319,362,226,175,33,12,2
137,六里桥,116.299,39.8794,0,0,0,0,0,0,0,0,0,2,30,61,89,198,320,444,387,238,192,190,175,143,145,163,172,169,150,163,149,175,149,206,229,264,528,633,618,379,228,194,137,155,123,87,92,31,9,0
138,七里庄,116.2876,39.8646,0,0,0,0,0,0,0,0,0,1,7,45,113,275,569,673,489,318,236,176,163,171,182,174,176,167,206,174,201,178,217,232,306,401,878,990,900,625,366,248,165,183,194,132,101,28,10,0
139,丰台东大街,116.2893,39.8534,0,0,0,0,0,0,0,0,0,4,7,19,45,151,221,303,200,132,120,74,81,77,101,75,95,87,98,79,108,128,129,138,198,253,493,647,638,382,218,171,132,116,157,90,89,29,6,0
140,丰台南路,116.2914,39.8394,0,0,0,0,0,0,0,0,0,2,11,31,131,346,419,364,246,178,130,128,124,122,123,121,112,105,94,141,163,155,188,216,297,406,785,1171,1057,616,379,346,254,255,227,167,139,38,4,1
141,科怡路,116.2935,39.8308,0,0,0,0,0,0,0,0,0,0,8,30,95,313,618,777,433,200,124,108,121,112,91,109,89,114,97,120,119,115,156,166,184,262,531,712,684,395,230,171,159,159,135,98,81,15,8,1
142,丰台科技园,116.2929,39.8227,0,0,0,0,0,0,0,0,0,0,10,57,169,818,2323,3577,2977,1182,396,234,172,167,145,121,158,202,161,162,127,119,81,82,101,98,112,163,130,90,56,44,44,40,40,19,15,5,0,0
143,郭公庄,116.2967,39.8119,0,0,0,0,0,0,0,0,0,0,3,12,31,111,176,171,150,80,53,34,29,35,31,26,56,28,28,24,36,41,67,55,82,95,179,226,195,123,92,47,28,56,46,42,43,36,14,3
144,巴沟,116.2803,39.9701,0,0,0,0,0,0,0,0,0,0,3,20,71,265,735,933,759,421,274,163,151,160,135,148,148,136,160,152,145,149,149,189,203,310,511,545,546,354,179,150,86,99,93,99,246,109,12,1
145,苏州街,116.289,39.9724,0,0,0,0,0,0,0,0,0,2,12,86,342,1246,2877,5120,4903,3380,2261,1107,666,438,403,386,447,469,486,445,449,375,382,327,375,443,706,878,815,582,390,248,238,198,195,164,94,26,10,1
146,知春里,116.3225,39.974,0,0,0,0,0,0,0,0,0,0,8,41,212,693,1403,1748,1587,1184,755,257,130,135,127,107,128,151,140,144,171,106,113,141,135,216,377,465,463,302,200,135,123,115,105,72,55,19,6,0
147,知春路,116.3343,39.974,0,0,0,0,0,0,0,0,0,7,34,102,233,784,2236,3837,3903,2799,1641,787,441,367,330,339,358,379,385,395,339,357,352,385,399,420,788,1136,1215,918,590,452,430,393,414,296,172,74,14,7
148,西土城,116.3473,39.9753,0,0,0,0,0,0,0,0,0,4,42,128,360,1180,2623,3431,2699,1872,1209,569,395,326,335,349,416,383,354,325,325,301,278,302,340,386,629,829,746,619,402,294,240,264,222,188,99,30,6,1
149,牡丹园,116.3633,39.9756,0,0,0,0,0,0,0,0,0,3,12,68,290,935,1984,2601,2577,1659,816,480,373,438,317,346,343,358,329,344,363,329,357,415,468,671,1151,1544,1586,1099,670,512,422,399,335,283,160,29,11,4
150,健德门,116.3748,39.9757,0,0,0,0,0,0,0,0,0,1,10,69,247,924,2093,3120,3149,1917,1057,463,336,290,303,263,298,307,309,299,279,261,258,306,295,407,726,1016,1074,749,537,318,245,234,241,149,124,43,5,4
151,安贞门,116.4005,39.9757,0,0,0,0,0,0,0,0,0,2,15,52,233,746,1449,1969,1626,847,482,297,254,191,197,208,233,223,225,190,177,230,201,204,220,278,488,670,664,491,314,231,191,167,177,143,98,39,3,0
152,芍药居,116.4302,39.9762,0,0,0,0,0,0,0,0,0,3,22,84,279,1007,1884,2278,1728,827,459,292,239,238,207,218,216,264,268,229,259,276,314,353,408,553,1065,1543,1778,1406,888,578,482,408,403,320,232,93,13,3
153,太阳宫,116.4407,39.9716,0,0,0,0,0,0,0,0,0,3,21,43,154,575,1253,1927,1683,1316,918,577,394,349,347,373,336,373,359,340,361,404,399,472,572,737,1168,1764,1823,1308,827,503,438,357,368,261,195,61,10,0
154,三元桥,116.4533,39.9628,0,0,0,0,0,0,0,0,0,12,76,210,454,1216,3498,6180,5991,3902,2243,1174,799,654,591,623,697,680,713,629,655,591,578,585,622,722,1099,1518,1591,1146,744,416,401,371,315,220,167,41,8,2
155,亮马桥,116.4559,39.9469,0,0,0,0,0,0,0,0,0,2,43,126,326,982,2499,4260,4580,3107,1736,887,608,460,423,382,434,463,486,454,500,440,382,377,374,442,768,954,1002,775,426,319,238,230,235,162,154,55,7,0
156,农业展览馆,116.4559,39.9399,0,0,0,0,0,0,0,0,0,0,8,27,78,239,496,605,619,389,233,156,103,91,67,75,58,72,64,87,72,75,66,71,86,81,196,245,210,167,92,68,43,57,57,31,32,8,2,0
157,团结湖,116.4555,39.9332,0,0,0,0,0,0,0,0,0,4,26,113,334,894,2005,3774,4399,3022,1855,1094,673,519,514,478,524,551,534,513,523,479,490,476,521,565,982,1218,1361,962,665,425,347,286,301,216,136,60,16,1
158,金台夕照,116.4559,39.9154,0,0,0,0,0,0,0,0,0,3,14,78,219,673,2204,4864,6041,4356,2897,1433,658,483,382,392,394,491,465,417,358,313,274,269,260,278,344,468,406,305,181,104,55,78,65,42,52,15,3,0
159,双井,116.4556,39.8839,0,0,0,0,0,0,0,0,0,3,25,61,172,524,1550,3038,3322,2242,1509,902,660,654,575,578,656,610,666,627,578,590,608,700,737,920,1624,2276,2580,1929,1224,757,552,587,514,422,382,114,2,0
160,劲松,116.4555,39.8746,0,0,0,0,0,0,0,0,0,3,17,120,369,653,1178,1762,1701,1127,772,514,488,449,448,415,430,445,461,469,447,542,557,603,799,1013,2010,2824,3098,2219,1433,914,736,649,674,497,397,122,8,0
161,大钟寺,116.3393,39.9656,0,0,0,0,0,0,0,0,0,0,17,36,178,620,1436,2179,1827,1180,717,360,238,219,198,148,189,175,178,174,159,168,174,158,196,224,389,599,589,414,328,206,165,146,111,109,89,39,3,1
162,五道口,116.3317,39.9905,0,0,0,0,0,0,0,0,0,7,30,119,385,1304,2946,4919,4880,3666,2721,1390,751,570,491,525,531,545,593,504,472,429,435,424,535,636,1070,1490,1488,1058,732,476,354,313,337,264,170,64,14,0
163,上地,116.3132,40.0316,0,0,0,0,0,0,0,0,0,13,25,86,237,808,1787,2852,2918,1872,1173,593,352,392,390,372,360,406,397,358,381,417,420,491,610,712,1369,1946,2204,1705,1071,699,565,530,500,390,246,67,18,2
164,西二旗,116.2985,40.0509,0,0,0,0,0,0,0,0,0,11,43,137,581,2098,5609,9299,10430,8853,6219,2842,1049,644,493,516,545,567,559,475,508,422,427,496,555,723,1255,1926,2197,1708,1242,784,645,565,511,352,257,71,19,7
165,龙泽,116.3136,40.0691,0,0,0,0,0,0,0,0,0,12,60,87,204,451,537,582,448,359,319,324,311,343,338,335,339,359,353,352,428,477,545,635,691,954,1969,3372,4171,3096,2150,1412,1129,925,851,572,375,98,27,19
166,回龙观,116.3292,40.0688,1,0,0,0,0,0,0,0,0,13,40,69,133,261,307,377,374,352,278,272,281,276,294,300,286,315,342,347,398,406,535,618,778,1090,2208,3867,4639,3833,2744,1656,1260,1067,941,617,389,176,54,10
167,北苑,116.4277,40.0412,0,0,0,0,0,0,0,0,0,1,1,18,79,155,263,340,335,256,205,120,116,97,113,112,125,121,116,110,106,142,162,184,291,437,883,1398,1550,1207,782,525,415,319,320,175,114,36,4,1
168,望京西,116.4409,39.9941,0,0,0,0,0,0,0,0,0,6,14,67,177,527,1142,2388,2661,2023,1067,468,295,278,243,231,263,237,237,231,232,218,220,218,277,384,850,1116,1053,554,296,222,178,144,138,97,72,41,3,0
169,光熙门,116.4258,39.9693,0,0,0,0,0,0,0,0,0,4,5,21,98,311,545,797,753,470,253,143,105,90,97,79,82,86,89,83,107,108,99,118,131,236,396,500,482,339,230,106,110,105,90,75,50,25,2,1
170,柳芳,116.4262,39.9567,0,0,0,0,0,0,0,0,0,1,12,30,148,613,1173,2209,2604,1647,848,346,234,188,149,141,193,195,181,165,149,138,133,171,194,206,421,534,561,351,239,161,124,135,100,58,65,19,3,0
171,张郭庄,116.184,39.8574,0,0,0,0,0,0,0,0,0,4,3,13,18,32,55,37,33,33,33,38,35,42,34,33,41,42,40,38,46,71,78,88,112,174,332,490,452,241,178,93,92,63,55,23,4,0,0,0
172,园博园,116.2082,39.8619,0,0,0,0,0,0,0,0,0,0,3,6,6,25,47,45,29,44,28,19,18,13,19,13,12,15,17,14,21,31,23,45,48,57,152,233,166,70,36,27,18,23,17,2,0,0,0,0
173,大瓦窑,116.2306,39.8656,0,0,0,0,0,0,0,0,0,1,6,6,40,73,130,113,72,45,39,41,41,38,32,43,57,41,31,42,63,53,79,95,116,153,350,494,448,266,145,100,87,77,72,35,12,0,0,0
174,郭庄子,116.2474,39.8655,0,0,0,0,0,0,0,0,0,0,2,9,33,60,87,112,80,66,57,53,36,39,45,40,55,45,37,46,56,63,81,88,129,198,408,573,524,292,171,108,112,77,92,25,7,0,0,0
175,大井,116.2717,39.8633,0,0,0,0,0,0,0,0,0,0,6,15,21,90,181,231,163,72,60,52,53,52,44,41,80,60,47,56,56,56,71,102,87,134,277,400,386,238,130,88,98,69,70,32,9,0,0,0
176,西局,116.2983,39.8654,0,0,0,0,0,0,0,0,0,0,11,43,60,191,341,436,368,215,167,110,113,119,107,134,121,115,127,125,122,133,151,143,187,240,427,557,516,359,242,159,123,133,117,101,89,22,0,0
177,朝阳公园,116.4783,39.9337,0,0,0,0,0,0,0,0,0,0,0,0,0,0,0,0,0,0,0,0,0,0,0,0,0,0,0,0,0,0,0,0,0,0,0,0,0,0,0,0,0,0,0,0,0,0,0,0
178,枣营,116.4727,39.9337,0,0,0,0,0,0,0,0,0,0,0,5,20,75,105,138,166,119,105,45,40,35,46,40,30,51,41,30,47,56,59,51,42,61,123,172,183,106,65,46,37,28,17,26,15,3,0,0
179,东风北桥,116.4685,39.9429,0,0,0,0,0,0,0,0,0,1,2,3,24,62,103,171,143,98,68,30,41,17,26,23,20,20,32,15,32,29,44,40,51,80,184,264,269,141,80,59,72,49,42,40,19,1,0,0
180,将台,116.4802,39.9621,0,0,0,0,0,0,0,0,0,0,6,42,158,587,1343,2047,1986,1384,880,382,233,172,172,175,202,215,186,185,138,150,146,185,189,206,374,527,573,371,242,177,138,122,109,97,71,5,0,0
181,望京南,116.471,39.9867,0,0,0,0,0,0,0,0,0,1,2,14,55,231,458,833,805,642,329,164,102,81,85,65,76,98,87,69,76,65,73,76,97,75,172,197,271,168,102,53,38,71,50,39,29,3,0,0
182,阜通,116.4643,39.9906,0,0,0,0,0,0,0,0,0,0,3,5,18,122,275,600,724,503,316,152,83,85,79,89,88,84,71,68,85,80,81,61,90,109,193,233,220,175,93,73,36,60,43,33,19,1,1,0
183,望京,116.4615,39.9975,0,0,0,0,0,0,0,0,0,0,6,38,164,502,1043,1858,2495,1695,1032,411,253,239,202,206,231,249,234,211,193,187,218,207,259,319,624,825,751,550,325,231,183,162,181,129,80,23,4,0
184,东湖渠,116.4608,40.0124,0,0,0,0,0,0,0,0,0,0,3,9,49,181,495,818,771,453,221,109,97,89,77,93,85,74,78,81,92,78,91,93,100,138,242,340,263,188,104,75,72,57,52,51,25,12,1,0
185,来广营,116.4611,40.0224,0,0,0,0,0,0,0,0,0,0,3,9,48,114,221,311,229,153,92,50,43,34,30,39,28,26,36,23,23,37,37,30,43,38,67,95,109,92,61,39,32,21,26,22,22,2,1,0
186,善各庄,116.4699,40.0286,0,0,0,0,0,0,0,0,0,2,1,2,7,9,12,14,8,4,4,4,12,9,7,8,0,4,11,5,11,6,7,11,16,16,34,26,45,47,41,22,19,14,18,14,16,5,1,0
187,清华东路西口,116.3322,39.999,0,0,0,0,0,0,0,0,0,1,4,17,38,131,356,571,524,392,241,112,80,50,55,48,51,69,57,64,51,63,38,49,63,65,99,175,181,126,111,64,47,44,56,37,24,12,0,0
188,六道口,116.3607,40.0001,0,0,0,0,0,0,0,0,0,2,7,14,72,199,380,531,442,268,127,109,105,97,76,79,78,90,68,83,74,106,98,86,128,139,290,368,385,291,183,128,98,97,94,81,46,4,0,0
189,北沙滩,116.3715,40.0001,0,0,0,0,0,0,0,0,0,3,4,24,54,138,266,303,212,170,80,62,72,60,48,46,64,58,51,59,71,71,65,81,111,115,224,338,387,299,216,130,119,88,88,57,30,4,1,0
190,安立路,116.4019,40.001,0,0,0,0,0,0,0,0,0,0,4,8,53,180,391,635,587,291,183,104,80,68,56,83,107,89,95,76,75,72,73,65,85,138,269,346,290,209,143,84,73,61,62,30,31,6,0,0
191,关庄,116.4235,39.9997,0,0,0,0,0,0,0,0,0,0,0,2,26,56,154,224,181,115,78,40,26,13,13,14,21,21,26,17,18,20,30,43,45,44,104,119,102,70,45,48,22,24,15,13,11,0,0,0
192,崔各庄,116.4858,40.0216,0,0,0,0,0,0,0,0,0,2,2,16,26,79,134,141,123,72,42,35,38,28,52,45,50,37,45,50,44,50,45,62,97,86,184,291,385,297,198,112,130,66,90,66,31,7,2,0
193,马泉营,116.497,40.0333,0,0,0,0,0,0,0,0,0,2,4,11,40,109,203,281,293,201,135,107,97,82,100,65,70,87,94,107,126,89,130,118,156,164,327,446,535,439,303,188,159,119,119,102,77,22,2,0
194,孙河,116.5263,40.0414,0,0,0,0,0,0,0,0,0,1,6,11,19,59,72,77,70,56,44,39,32,27,31,18,31,20,28,32,22,27,40,49,45,61,129,181,221,174,113,69,47,33,36,27,19,5,0,0
195,国展,116.5482,40.0688,0,0,0,0,0,0,0,0,0,5,11,23,65,243,515,688,426,179,107,102,89,69,50,60,79,70,58,71,65,84,73,100,100,114,215,283,286,208,127,79,77,79,61,48,31,4,2,0
196,花梨坎,116.5501,40.0839,0,0,0,0,0,0,0,0,0,6,8,18,42,161,307,407,303,119,64,50,55,33,54,51,57,44,55,63,54,65,76,72,81,97,246,299,347,262,193,124,74,88,67,56,30,11,2,0
197,后沙峪,116.5558,40.1137,0,0,0,0,0,0,0,0,0,3,23,63,123,221,303,399,280,159,127,123,130,114,120,146,116,112,112,118,85,154,151,147,200,230,412,622,617,404,228,208,172,128,121,90,44,9,6,0
198,南法信,116.6028,40.1279,0,0,0,0,0,0,0,0,0,1,12,18,41,93,154,214,157,67,58,50,48,44,53,57,43,58,63,66,58,63,70,75,102,107,190,228,253,163,100,76,54,45,54,42,33,5,3,0
199,石门,116.6337,40.1293,0,0,0,0,0,0,0,0,0,2,9,15,32,89,111,145,128,106,90,88,86,80,68,71,72,67,90,95,89,114,115,156,171,258,532,707,685,394,234,147,150,119,92,58,44,10,7,1
200,顺义,116.6496,40.1301,0,0,0,0,0,0,0,0,0,17,27,62,95,213,345,326,246,227,177,186,208,182,176,187,218,159,220,205,221,277,258,341,337,490,1011,1347,1028,647,411,263,214,188,142,116,46,19,8,2
201,俸伯,116.6758,40.1322,0,0,0,0,0,0,0,0,0,7,43,66,95,114,158,150,140,129,120,134,92,100,111,90,110,115,133,130,109,155,170,181,263,329,649,848,648,358,214,152,148,112,108,57,32,6,7,0
202,潘家园,116.4525,39.8648,0,0,0,0,0,0,0,0,0,4,8,55,165,442,899,1101,959,720,531,435,420,321,365,376,378,336,384,338,364,374,350,386,447,577,1189,1656,1904,1379,831,549,443,456,374,332,252,89,7,1
203,十里河,116.4492,39.8509,0,0,0,0,0,0,0,0,0,6,21,62,205,470,851,1067,1168,881,690,515,499,444,416,355,390,385,421,390,432,427,487,513,501,644,1111,1541,1729,1236,786,521,411,421,411,301,256,63,1,1
204,分钟寺,116.4419,39.8445,0,0,0,0,0,0,0,0,0,0,9,18,45,47,114,132,153,129,99,107,100,115,101,105,89,107,114,119,143,144,187,227,231,283,505,985,1638,1204,744,522,465,424,422,323,362,96,8,0
205,成寿寺,116.4336,39.8445,0,0,0,0,0,0,0,0,0,2,3,21,91,246,406,406,371,279,200,181,139,190,163,142,135,152,181,180,177,174,193,293,292,425,729,1171,1321,872,523,367,304,283,261,221,229,64,4,0
206,石榴庄,116.408,39.8445,0,0,0,0,0,0,0,0,0,1,8,32,72,169,230,293,276,215,152,158,139,161,137,144,146,125,171,160,163,205,228,299,337,443,820,1047,1027,692,446,340,310,319,275,218,175,57,3,0
207,大红门,116.3946,39.844,0,0,0,0,0,0,0,0,0,3,18,50,108,186,232,311,289,310,303,271,273,252,226,211,233,244,194,235,235,244,271,263,275,313,612,803,839,532,366,230,223,210,211,155,140,22,0,0
208,角门东,116.3803,39.8441,0,0,0,0,0,0,0,0,0,3,7,37,97,245,487,705,669,462,315,241,237,211,235,196,223,228,258,235,257,254,342,387,463,558,1160,1489,1517,980,637,423,373,349,359,246,216,35,1,0
209,草桥,116.3466,39.8442,0,0,0,0,0,0,0,0,0,2,3,17,50,104,189,239,250,184,157,124,115,111,109,70,97,113,102,104,129,126,170,189,236,324,540,702,737,458,273,175,172,172,172,94,92,23,0,0
210,纪家庙,116.3284,39.8424,0,0,0,0,0,0,0,0,0,6,6,5,16,58,145,215,210,158,110,87,82,83,70,74,84,62,73,100,58,93,90,95,116,110,233,318,292,200,119,83,90,88,83,78,48,12,0,0
211,首经贸,116.315,39.8427,0,0,0,0,0,0,0,0,0,2,8,24,71,122,175,173,187,156,113,128,124,115,121,126,155,127,139,150,150,169,212,274,312,444,914,1286,1308,812,520,365,355,275,285,194,164,31,1,0
212,丰台站,116.3005,39.8458,0,0,0,0,0,0,0,0,0,1,0,3,23,37,61,128,123,84,75,63,86,101,79,84,86,97,71,89,96,97,165,179,215,336,694,897,908,615,325,237,210,193,172,129,98,19,0,0
213,泥洼,116.2995,39.8537,0,0,0,0,0,0,0,0,0,1,4,23,65,135,207,310,270,175,125,132,124,136,105,97,124,122,131,131,110,160,203,198,266,281,548,687,652,387,249,186,187,151,158,104,76,11,0,0
214,莲花桥,116.303,39.8941,0,0,0,0,0,0,0,0,0,0,4,32,82,255,655,581,370,167,103,69,69,61,86,60,65,78,90,96,108,104,111,150,166,192,319,395,345,228,125,92,71,65,61,47,27,9,1,0
215,西钓鱼台,116.2916,39.9211,0,0,0,0,0,0,0,0,0,0,20,95,368,937,1247,1358,1229,706,494,390,270,253,230,247,283,302,328,304,306,258,281,250,294,368,638,703,652,502,276,218,195,146,162,105,68,14,6,0
216,车道沟,116.2894,39.9454,0,0,0,0,0,0,0,0,0,0,6,47,145,540,1211,1674,1436,726,334,204,168,147,153,127,147,160,153,160,156,144,153,164,198,290,512,643,567,381,196,127,157,151,115,88,137,86,13,1
217,长春桥,116.2889,39.9559,0,0,0,0,0,0,0,0,0,2,6,25,108,386,1143,1671,1509,1046,611,386,275,299,295,270,291,298,311,318,285,236,232,261,267,409,592,758,647,409,233,137,173,124,114,117,96,46,2,0
218,火器营,116.2832,39.9646,0,0,0,0,0,0,0,0,0,0,2,17,59,123,232,294,215,104,69,62,39,39,37,42,47,43,46,70,61,80,101,88,130,237,330,412,335,197,112,96,75,74,50,45,33,17,4,0
219,新宫,116.3607,39.8097,0,0,0,0,0,0,0,0,0,10,45,58,158,282,480,494,420,250,230,221,245,230,276,229,221,268,267,236,286,314,412,508,584,676,1243,1721,1727,1183,759,542,514,477,495,303,277,55,2,0
220,西红门,116.324,39.7874,0,0,0,0,0,0,0,0,0,11,10,70,111,262,321,395,447,438,483,477,438,441,468,500,412,393,429,412,462,487,510,568,618,856,1546,2260,2316,1428,933,577,514,489,426,329,271,45,2,0
221,高米店北,116.3257,39.7754,0,0,0,0,0,0,0,0,0,4,6,18,52,154,204,251,275,199,148,105,114,128,137,131,120,129,137,153,144,183,204,238,328,444,865,1197,1234,768,504,331,308,293,261,185,154,28,1,0
222,高米店南,116.3276,39.7626,0,0,0,0,0,0,0,0,0,5,15,61,137,314,508,635,599,354,227,181,152,176,210,199,228,173,180,211,180,195,224,287,284,346,597,842,754,429,309,216,219,141,157,125,91,24,2,0
223,枣园,116.3282,39.7527,0,0,0,0,0,0,0,0,0,5,11,30,71,166,187,189,186,194,154,160,169,153,175,166,169,152,170,225,213,264,297,368,455,671,1317,1760,1833,1027,679,503,452,398,391,249,209,47,6,0
224,清源路,116.3286,39.7406,0,0,0,0,0,0,0,0,0,3,16,50,80,158,260,278,235,166,150,147,156,155,140,144,139,162,176,145,193,215,269,282,272,401,715,1116,991,608,343,246,229,228,189,169,124,28,2,0
225,黄村西大街,116.3289,39.73,0,0,0,0,0,0,0,0,0,18,31,68,137,279,384,416,404,310,289,310,295,275,276,286,274,286,309,326,326,352,388,470,480,583,922,1268,1273,715,439,291,256,233,200,156,150,32,0,0
226,黄村火车站,116.3279,39.7199,0,0,0,0,0,0,0,0,0,7,22,26,118,149,163,169,177,149,124,124,127,123,108,102,148,130,132,159,146,184,243,243,319,414,777,931,916,499,335,255,218,214,219,160,151,28,4,0
227,义和庄,116.3159,39.7101,0,0,0,0,0,0,0,0,0,1,2,9,14,24,40,39,33,34,27,23,31,42,43,46,36,36,41,29,38,37,46,65,68,80,162,192,208,88,82,45,29,29,34,23,33,2,1,0
228,生物医药基地,116.3182,39.6855,0,0,0,0,0,0,0,0,0,3,11,23,91,214,295,372,192,107,78,66,65,77,75,66,73,59,80,73,80,104,97,104,124,155,375,480,487,311,171,148,144,90,133,90,72,28,4,0
229,天宫院,116.316,39.6666,0,0,0,0,0,0,0,0,0,8,41,49,110,202,305,246,302,180,148,167,173,149,117,161,166,179,196,173,184,244,243,303,318,393,647,822,811,456,287,220,199,199,221,137,129,30,4,0
230,南邵,116.2791,40.2042,0,0,0,0,0,0,0,0,0,12,34,80,153,253,442,568,391,280,230,194,166,167,176,167,194,219,194,190,221,246,295,317,385,518,1029,1521,1475,953,598,413,321,260,245,160,84,30,6,1
231,沙河高教园,116.2729,40.1624,0,0,0,0,0,0,0,0,0,2,9,23,35,69,121,134,104,95,53,59,57,54,59,57,75,56,68,73,92,108,130,141,181,217,502,963,1264,1000,703,467,338,274,227,184,77,23,2,0
232,沙河,116.2819,40.1454,0,0,0,0,0,0,0,0,0,13,22,34,90,149,252,318,251,232,154,170,163,163,165,190,191,219,211,242,231,309,343,377,474,594,1358,2665,3785,2995,1867,1181,915,891,800,574,258,89,1,0
233,巩华城,116.2865,40.1287,0,0,0,0,0,0,0,0,0,1,2,2,9,11,14,18,11,8,18,6,7,12,3,5,11,4,7,7,10,7,15,16,19,38,81,138,164,87,66,20,24,30,25,12,17,2,0,0
234,生命科学园,116.2831,40.0908,0,0,0,0,0,0,0,0,0,7,21,40,107,299,587,830,813,406,229,182,153,184,178,156,178,175,172,204,223,269,294,348,345,444,995,2311,3053,2273,1401,857,652,580,550,364,162,31,2,0
235,大葆台,116.2876,39.8053,0,0,0,0,0,0,0,0,0,1,19,27,78,181,457,717,595,228,86,70,50,60,61,67,71,67,74,42,72,74,58,80,84,98,191,247,267,150,104,78,62,55,61,46,14,1,0,0
236,稻田,116.2132,39.7912,0,0,0,0,0,0,0,0,0,0,0,3,7,13,26,25,27,21,14,26,19,17,19,14,24,25,36,27,32,30,58,56,68,117,227,348,301,183,98,72,72,46,51,15,5,1,0,0
237,长阳,116.2084,39.7613,0,0,0,0,0,0,0,0,0,3,9,14,45,86,114,119,93,117,108,111,93,94,98,101,98,113,119,87,118,168,192,250,299,535,1192,1744,1577,1002,616,407,363,290,301,155,62,8,0,0
238,篱笆房,116.1857,39.7583,0,0,0,0,0,0,0,0,0,0,3,4,8,12,26,33,61,70,42,54,41,52,53,29,37,50,60,73,51,67,74,97,111,135,368,529,502,269,146,102,99,86,68,35,18,2,0,0
239,广阳城,116.1805,39.7456,0,0,0,0,0,0,0,0,0,0,6,11,18,30,55,53,37,34,28,28,29,32,39,49,51,33,38,48,57,53,61,70,75,126,240,344,262,136,85,57,60,57,64,28,10,1,0,0
240,良乡大学城北,116.1801,39.7302,0,0,0,0,0,0,0,0,0,0,2,6,10,14,29,28,46,42,29,10,19,22,18,22,28,21,28,32,24,36,38,45,51,75,142,244,238,129,64,47,40,50,44,24,9,1,0,0
241,良乡大学城,116.1743,39.7208,0,0,0,0,0,0,0,0,0,2,2,14,19,22,37,46,36,30,21,25,9,14,7,19,15,21,13,20,19,17,18,30,22,34,50,51,42,29,15,4,11,11,6,4,2,0,0,0
242,良乡大学城西,116.1549,39.7203,0,0,0,0,0,0,0,0,0,3,7,9,17,23,60,61,64,50,49,46,58,48,59,63,72,61,47,63,90,95,116,130,159,213,510,825,757,367,230,142,129,125,113,68,24,7,0,0
243,良乡南关,116.1418,39.7209,0,0,0,0,0,0,0,0,0,2,4,20,32,35,46,63,55,70,65,48,60,47,62,63,65,67,54,69,83,72,78,89,124,133,251,321,358,181,117,65,78,62,60,40,19,6,0,0
244,苏庄,116.1174,39.7212,0,0,0,0,0,0,0,0,0,13,14,25,83,114,136,130,116,128,116,111,109,105,94,96,94,94,115,108,135,137,155,180,226,298,569,786,602,297,164,92,131,93,75,53,22,7,1,0
245,肖村,116.4436,39.8329,0,0,0,0,0,0,0,0,0,2,6,9,32,93,155,244,257,161,96,83,74,57,56,53,65,68,55,63,79,76,77,81,91,95,208,247,280,117,113,54,67,53,59,49,18,0,0,0
246,小红门,116.4547,39.8265,0,0,0,0,0,0,0,0,0,1,2,8,17,34,53,63,35,33,32,34,23,42,43,46,36,41,23,44,56,56,84,104,117,159,249,380,325,269,154,98,108,75,67,50,29,1,0,0
247,旧宫,116.4563,39.806,0,0,0,0,0,0,0,0,0,3,14,24,81,140,229,241,197,191,170,117,155,139,125,135,155,120,157,139,154,173,237,296,317,437,900,1383,1277,788,467,279,258,257,183,143,63,0,0,0
248,亦庄桥,116.4762,39.8022,0,0,0,0,0,0,0,0,0,1,11,24,50,142,171,199,135,93,73,69,66,64,76,69,76,86,70,69,94,88,133,159,198,235,468,678,605,369,253,149,135,128,119,89,42,1,0,0
249,亦庄文化园,116.4853,39.806,0,0,0,0,0,0,0,0,0,1,3,14,25,73,150,208,168,144,82,61,66,49,64,76,73,57,96,62,60,57,91,86,114,135,287,415,337,207,165,109,93,75,72,46,18,2,0,0
250,万源街,116.5,39.8028,0,0,0,0,0,0,0,0,0,2,13,27,106,279,628,901,735,420,201,173,145,118,134,130,145,157,123,122,124,143,152,153,118,171,235,313,274,188,98,75,74,58,54,29,4,0,0,0
251,荣京东街,116.5087,39.7924,0,0,0,0,0,0,0,0,0,0,4,51,139,456,844,946,807,363,173,124,116,95,100,115,101,118,116,76,80,95,55,95,95,81,124,190,159,110,71,53,38,54,39,30,12,0,0,0
252,荣昌东街,116.5175,39.7821,0,0,0,0,0,0,0,0,0,9,27,100,263,644,999,1069,704,358,218,165,151,128,151,151,145,160,138,159,144,157,184,203,218,256,445,596,545,290,190,146,121,114,101,67,22,1,0,0
253,同济南路,116.5357,39.7719,0,0,0,0,0,0,0,0,0,27,51,107,230,481,714,735,506,270,189,182,204,228,213,235,213,231,211,201,208,264,285,335,327,416,788,894,966,575,358,263,270,203,195,127,46,11,0,0
254,经海路,116.5595,39.784,0,0,0,0,0,0,0,0,0,6,13,31,109,293,551,610,488,197,102,79,84,73,59,79,94,82,80,80,70,95,138,101,103,136,259,306,291,184,143,110,83,65,58,32,20,5,0,0
255,次渠南,116.577,39.794,0,0,0,0,0,0,0,0,0,0,0,0,2,7,12,5,11,5,13,6,2,4,5,1,2,4,7,5,18,12,14,30,20,28,43,61,47,22,9,6,8,3,3,7,2,0,0,0
256,次渠,116.5857,39.8025,0,0,0,0,0,0,0,0,0,4,18,8,33,58,80,70,70,61,43,47,42,45,54,58,53,36,54,53,69,68,100,97,111,150,258,390,331,177,117,97,64,43,59,41,31,7,0,0
257,高碑店,116.5265,39.9085,0,0,0,0,0,0,0,0,0,1,5,25,57,252,485,794,969,634,433,273,180,119,127,107,94,98,117,124,83,93,91,121,135,146,201,240,238,197,112,74,63,58,60,54,46,14,1,0
258,传媒大学,116.5494,39.9091,0,0,0,0,0,0,0,0,0,3,13,34,84,215,542,503,439,265,215,163,160,129,152,169,148,148,187,169,205,245,227,292,357,522,838,1212,1406,1134,765,592,488,444,423,324,262,109,14,0
259,双桥,116.5716,39.9099,0,0,0,0,0,0,0,0,0,6,21,61,96,195,388,535,591,462,329,210,181,202,230,179,175,208,236,225,272,282,320,371,422,510,1057,1464,1798,1421,935,604,521,367,410,312,346,119,7,0
260,管庄,116.5936,39.9092,0,0,0,0,0,0,0,0,0,0,9,42,97,179,273,309,304,245,203,139,129,145,128,142,156,154,160,160,178,199,254,300,369,436,909,1428,1592,1316,786,519,507,335,330,261,237,87,9,0
261,八里桥,116.6138,39.9063,0,0,0,0,0,0,0,0,0,1,4,4,15,32,56,39,57,44,29,19,23,29,24,34,26,26,19,41,47,50,60,49,92,110,268,401,433,336,189,156,102,75,107,60,78,19,6,1
262,通州北苑,116.6319,39.9038,0,0,0,0,0,0,0,0,0,10,27,41,122,205,250,232,245,315,217,191,211,217,228,209,206,235,220,277,273,301,338,361,430,573,1205,1645,1942,1161,728,511,371,306,280,199,203,78,12,1
263,果园,116.6408,39.8933,0,0,0,0,0,0,0,0,0,4,13,10,32,57,103,104,122,139,100,95,88,91,89,110,111,94,89,113,150,155,195,201,288,447,1043,1545,1719,1278,768,528,424,332,330,225,170,70,10,0
264,九棵树,116.6519,39.89,0,0,0,0,0,0,0,0,0,5,12,16,38,124,178,288,237,216,138,132,125,130,117,139,142,145,157,150,149,159,220,226,256,323,626,926,1037,660,417,232,199,158,186,142,83,40,10,0
265,梨园,116.6635,39.8834,0,0,0,0,0,0,0,0,0,10,26,43,83,146,234,218,216,211,205,199,170,179,184,224,195,219,205,226,298,322,357,413,436,667,1394,2135,2424,1745,1056,718,576,432,427,326,264,121,28,1
266,临河里,116.6737,39.8755,0,0,0,0,0,0,0,0,0,0,11,20,52,95,106,120,105,46,53,47,56,48,49,40,56,53,57,80,77,98,124,175,194,254,658,1025,1160,802,488,336,279,208,167,144,140,30,9,0
267,土桥,116.681,39.8718,0,0,0,0,0,0,0,0,0,19,40,57,94,158,188,188,177,185,148,139,151,158,157,160,118,160,153,165,210,200,256,275,282,359,679,1058,1337,860,511,325,300,256,206,208,206,76,17,2
