1,苹果园,116.1726,39.921,1,0,0,0,0,0,0,0,0,1,10,59,216,621,1681,3030,4596,5036,2912,1673,1041,797,650,588,538,514,517,528,508,558,453,410,377,513,634,621,679,729,541,382,246,152,182,149,129,94,57,17
2,古城路,116.1844,39.9041,0,0,0,0,0,0,0,0,0,0,7,43,116,320,749,1430,2632,3050,1527,851,502,363,275,229,190,267,274,314,277,240,212,215,196,224,314,444,566,525,380,242,121,106,106,86,71,64,39,4
3,八角游乐园,116.208,39.9046,0,0,1,0,0,0,0,0,0,0,3,30,102,346,893,1399,2160,2483,1366,870,576,355,343,260,234,278,285,316,283,265,253,210,233,274,357,410,556,618,515,360,221,194,159,143,104,74,51,7
4,八宝山,116.2307,39.9047,0,0,0,0,0,0,1,0,0,0,2,24,82,278,937,2001,3054,3130,1746,1023,572,365,319,295,308,251,263,306,269,293,239,198,227,272,354,589,720,656,509,368,228,145,149,141,126,96,58,15
5,玉泉路,116.2483,39.905,0,0,0,0,0,0,0,0,0,0,2,23,77,351,948,1986,2992,3188,1730,1002,603,450,357,286,319,343,336,340,314,313,281,310,297,343,420,744,941,810,654,457,264,280,281,191,151,89,82,27
6,五棵松,116.2692,39.9053,2,0,0,0,0,0,0,0,0,0,3,33,71,240,732,1370,1903,1902,1212,905,599,608,563,556,557,482,425,425,387,463,458,489,531,654,863,1150,1478,1337,957,609,437,372,316,275,331,1641,1864,384
7,万寿路,116.2899,39.9054,2,0,0,0,0,0,0,0,0,0,0,12,52,168,561,1060,1531,1353,790,557,352,288,257,210,224,222,272,241,252,265,242,285,295,312,445,796,973,985,705,448,348,291,258,314,311,280,198,36
8,公主坟,116.3052,39.9054,3,0,0,0,0,0,0,0,0,0,0,8,21,68,159,329,587,615,356,278,209,195,188,198,205,199,212,218,215,219,260,315,307,324,379,761,1187,1179,770,470,265,225,211,225,280,155,45,12
9,军事博物馆,116.3163,39.9057,1,0,0,0,0,0,0,0,0,0,0,14,25,88,269,469,769,761,513,331,287,231,235,253,249,229,228,274,263,265,280,328,380,415,703,1487,1858,1374,772,424,277,255,178,147,135,107,78,22
10,木樨地,116.3306,39.9059,0,0,0,0,0,0,0,0,0,0,0,8,25,92,297,540,861,842,466,324,213,202,183,194,169,139,177,182,200,201,280,282,350,400,777,1326,1474,1195,695,361,223,182,204,155,126,102,41,24
11,南礼士路,116.3471,39.9053,3,0,0,0,0,0,0,0,0,0,0,7,27,76,282,561,822,829,509,404,298,287,305,299,265,310,244,289,266,312,287,402,524,638,732,1407,1936,1809,1172,553,380,273,268,301,171,150,64,22
12,复兴门,116.3529,39.9054,1,0,0,0,0,0,0,0,0,0,0,5,8,47,141,297,552,575,375,318,311,300,339,438,443,336,350,359,417,429,411,512,640,864,1311,2946,4196,4240,2851,1572,920,680,559,448,429,361,103,20
13,西单,116.3679,39.9053,0,0,0,0,0,0,0,0,0,0,2,8,31,57,186,380,597,499,388,335,342,410,511,587,635,696,858,941,967,1049,1254,1440,1679,1874,2437,3453,4223,4089,2833,2082,1771,1818,1935,1770,1278,1328,488,79
14,天安门西,116.3866,39.9058,0,0,0,0,0,0,0,0,0,0,1,2,3,15,35,68,99,91,53,57,43,78,55,82,101,74,79,112,108,136,113,213,385,433,475,504,369,232,182,118,70,62,46,48,135,205,53,3
15,天安门东,116.3981,39.9062,0,0,0,0,0,0,0,0,0,0,1,4,8,20,101,173,139,200,166,106,117,169,192,225,241,207,266,240,276,267,335,387,422,512,664,689,640,484,298,166,109,81,100,67,60,42,15,6
16,王府井,116.4074,39.9066,0,0,0,0,0,0,0,0,0,0,0,4,11,18,33,86,120,147,151,161,175,178,227,326,307,334,365,532,539,575,679,652,832,922,1168,1670,1886,2188,1795,1124,862,763,877,931,822,886,309,68
17,东单,116.4122,39.9065,1,0,0,0,0,0,0,0,0,0,0,6,12,40,107,201,310,374,350,401,481,519,517,589,580,441,406,440,473,542,635,775,862,938,1295,2276,3585,3614,2439,1431,946,784,685,669,551,472,257,52
18,建国门,116.431,39.907,1,0,0,0,0,0,0,0,0,0,1,6,22,48,154,317,572,523,357,280,232,302,336,426,381,401,342,369,405,411,468,534,554,685,1103,1938,2924,3379,2411,1169,717,558,489,403,282,266,140,23
19,永安里,116.4456,39.9079,3,0,0,0,0,0,0,0,0,0,2,6,20,72,120,228,378,426,238,270,258,294,339,348,398,340,415,424,421,466,472,492,521,798,996,1857,3128,3845,3451,1846,1131,795,769,637,368,262,152,43
20,国贸,116.4562,39.9072,6,0,0,0,0,0,0,0,0,0,1,12,108,348,991,2088,3095,2760,2026,1487,1171,1073,1133,1053,981,955,959,1043,969,1001,1011,1055,1095,1381,1918,3252,5417,7086,6242,3490,2148,1531,1312,1271,972,606,295,74
21,大望路,116.4727,39.9071,7,0,0,0,0,0,0,0,0,0,2,36,113,322,717,1451,2145,2125,1451,1027,792,722,765,815,729,723,847,878,936,911,905,908,951,1018,1268,2143,3658,5018,5290,3581,2204,1536,1196,1055,860,731,481,112
22,四惠,116.4904,39.9079,1,0,0,0,0,0,0,0,0,0,3,13,79,242,540,1213,2101,2286,1428,1047,675,511,490,456,492,435,488,521,455,455,473,497,501,623,709,1160,1895,2856,2687,1683,945,668,479,370,323,245,158,48
23,四惠东,116.5097,39.9085,0,0,0,0,0,0,0,0,0,0,7,31,87,279,552,1099,1990,2621,1484,1020,624,428,363,312,332,342,336,334,354,371,300,310,295,341,435,735,1167,1707,1574,1058,626,401,292,223,154,151,61,14
24,西直门,116.3489,39.9391,9,0,0,0,0,0,0,0,0,0,5,40,192,378,849,1590,2602,2938,1671,1193,1033,857,889,930,968,865,1096,1079,957,942,1021,1088,1015,1277,1693,3116,4621,5125,3815,2255,1524,1463,1305,1191,929,554,225,61
25,车公庄,116.35,39.9316,4,0,0,0,0,0,0,0,0,0,0,7,36,93,373,622,1056,965,560,396,266,287,292,303,319,349,281,347,366,427,388,420,516,577,833,1804,2349,2311,1542,822,510,428,345,316,252,226,70,20
26,阜成门,116.3503,39.9228,0,0,0,0,0,0,0,0,0,0,1,12,60,132,408,725,1259,1240,774,571,479,460,478,521,477,470,463,532,554,598,654,718,737,923,1517,3190,4396,4587,2899,1544,890,713,542,450,360,240,88,10
27,长椿街,116.3578,39.8977,2,0,0,0,0,0,0,0,0,0,4,31,116,401,1056,1936,3289,3176,1833,1196,716,560,482,431,405,402,449,395,415,489,439,474,585,590,911,1794,2044,1999,1467,749,429,349,263,262,204,133,72,9
28,宣武门,116.3692,39.8983,2,0,0,0,0,0,0,0,0,0,1,30,48,143,412,756,1512,1380,762,488,416,375,311,356,341,319,310,333,350,336,346,407,498,511,893,1832,2008,2030,1341,859,537,469,449,354,379,345,139,17
29,和平门,116.3789,39.8986,0,0,0,0,0,0,0,0,0,0,1,20,28,122,302,618,1134,1103,581,409,250,176,164,131,120,160,164,184,162,159,202,366,424,472,501,621,667,608,457,203,149,142,115,89,66,37,16,2
30,前门,116.3928,39.8994,0,0,0,0,0,0,0,0,0,0,0,17,58,125,333,692,1071,1165,855,499,374,331,294,301,300,280,400,347,346,400,374,388,392,484,560,606,743,606,479,249,207,211,209,207,164,104,41,10
31,崇文门,116.412,39.9005,2,0,0,0,0,0,0,0,0,0,3,37,62,241,655,1294,2472,2309,1515,1070,870,900,828,763,681,729,633,794,809,920,1031,1157,1236,1257,1621,2372,2400,2378,1596,1022,827,774,873,825,755,554,188,25
32,北京站,116.4212,39.9041,29,0,0,0,0,0,0,0,0,0,167,686,1474,1271,1157,1012,1331,1492,1347,1071,928,1081,1243,1296,1218,1129,1033,1190,1147,1036,1122,1265,1429,1164,1057,1286,2017,2081,1567,965,776,1222,1123,810,982,855,907,311
33,朝阳门,116.429,39.9225,0,0,0,0,0,0,0,0,0,0,2,17,48,136,343,688,1190,1175,662,581,461,570,541,620,651,612,625,703,743,817,847,969,1159,1358,1865,4154,6284,6897,5962,3483,2058,1456,1296,1225,995,612,282,37
34,东四十条,116.4281,39.9317,0,0,0,0,0,0,0,0,0,0,0,13,47,93,245,517,859,807,505,414,384,436,490,480,476,436,387,416,464,451,559,654,706,750,1057,2182,3656,4352,3335,1780,977,698,567,510,404,313,169,27
35,东直门,116.4272,39.9392,6,0,0,0,0,0,0,0,0,0,0,26,150,450,1139,2046,3030,3053,1838,1480,1293,1137,1068,1101,1005,963,998,1057,1100,1002,970,1186,1335,1491,1993,3287,3908,4471,3741,2335,1543,1200,1203,1105,886,603,298,56
36,雍和宫,116.4106,39.9481,1,0,0,0,0,0,0,0,0,0,0,17,28,130,290,585,977,969,545,455,334,354,425,440,423,416,461,486,421,452,402,491,513,583,774,1364,2227,2555,1866,1094,587,419,350,362,271,182,70,9
37,安定门,116.4022,39.9479,0,0,0,0,0,0,0,0,0,0,1,18,29,119,395,857,1466,1454,835,534,342,265,235,249,201,187,221,263,261,253,253,325,375,367,568,1171,1450,1263,827,423,241,245,200,208,164,92,27,5
38,鼓楼大街,116.3893,39.9477,0,0,0,0,0,0,0,0,0,0,4,21,55,154,472,1001,1724,1586,800,491,350,259,231,228,205,181,268,282,238,212,251,353,357,488,675,1504,1565,1120,685,395,289,253,202,201,143,146,76,9
39,积水潭,116.3666,39.9473,0,0,0,0,0,0,0,0,0,0,4,30,89,304,945,1720,2964,2829,1825,1256,869,743,632,705,605,690,707,643,673,717,746,771,860,865,1187,1771,2201,2106,1443,929,585,446,368,340,291,255,84,8
40,安河桥北,116.264,40.0101,0,0,0,0,0,0,0,0,0,0,1,16,49,209,888,1392,1912,2212,1186,625,405,250,244,229,142,164,178,200,167,162,164,145,135,156,170,240,308,362,323,219,144,95,93,74,67,51,10,0
41,北宫门,116.2713,39.9999,0,0,0,0,0,0,0,0,0,0,1,5,28,167,470,846,1806,2388,1437,859,518,354,293,305,231,266,282,280,252,262,210,204,258,253,268,373,375,371,280,187,134,101,95,85,64,40,17,3
42,西苑,116.2859,39.9958,0,0,0,0,0,0,0,0,0,0,1,9,42,113,289,617,1285,1822,1035,611,398,246,222,227,211,219,244,231,231,213,234,195,216,208,243,357,365,369,243,153,119,103,95,84,76,61,25,2
43,圆明园,116.3042,39.9972,0,0,0,0,0,0,0,0,0,0,0,3,19,43,122,257,557,883,433,211,133,111,84,69,90,110,109,98,123,93,96,125,112,256,281,390,431,317,252,117,76,70,41,42,35,27,13,4
44,北京大学东门,116.3095,39.9894,0,0,0,0,0,0,0,0,0,0,0,6,22,52,173,372,674,770,416,243,158,164,122,160,195,176,179,179,152,156,205,233,219,229,350,600,895,958,736,369,281,193,203,244,177,120,43,6
45,中关村,116.3099,39.9833,1,0,0,0,0,0,0,0,0,0,0,3,11,38,99,282,510,544,293,247,295,272,328,390,416,482,476,568,531,578,617,651,703,785,880,1411,2441,3427,3904,2904,1894,1117,868,625,440,218,95,15
46,海淀黄庄,116.3105,39.974,0,0,0,0,0,0,0,0,0,0,0,8,15,72,247,474,757,743,448,398,373,336,381,386,420,501,497,582,619,546,630,739,889,1421,1959,2129,2564,3521,3740,2712,2112,1628,1400,1259,906,662,232,16
47,人民大学,116.3151,39.965,1,0,0,0,0,0,0,0,0,0,1,12,36,88,293,658,1231,1213,631,436,300,276,266,240,273,351,364,431,360,394,354,442,556,638,719,1319,1706,2039,1836,1053,718,535,493,452,495,448,170,19
48,魏公村,116.3167,39.955,0,0,0,0,0,0,0,0,0,0,0,3,22,61,198,372,838,851,581,381,265,227,254,255,292,314,330,313,310,339,334,316,337,451,616,960,1678,2053,1887,1088,620,431,347,368,254,200,74,7
49,国家图书馆,116.3187,39.9412,2,0,0,0,0,0,0,0,0,0,0,3,15,52,186,367,550,633,361,273,171,159,177,196,227,216,192,200,219,198,270,253,309,379,641,1251,1376,1450,1074,604,407,325,274,278,186,142,60,10
50,动物园,116.334,39.9364,0,0,0,0,0,0,0,0,0,0,0,1,17,33,75,161,297,285,197,156,155,156,205,260,315,505,494,436,482,527,546,581,525,687,684,881,881,738,477,247,130,128,72,67,67,42,27,7
51,新街口,116.3613,39.9391,2,0,0,0,0,0,0,0,0,0,0,8,21,87,224,433,750,655,355,286,220,222,195,203,171,173,176,169,160,184,170,219,262,430,552,971,935,621,376,288,199,108,129,130,95,56,28,10
52,平安里,116.3666,39.9317,0,0,0,0,0,0,0,0,0,0,0,11,35,98,262,526,926,883,608,478,344,285,255,232,227,252,250,290,266,293,307,347,477,531,741,1139,1017,772,517,388,282,276,248,254,216,121,64,16
53,西四,116.3672,39.9228,2,0,0,0,0,0,0,0,0,0,0,4,17,45,139,219,396,397,263,226,161,158,169,165,147,117,164,151,183,183,175,244,282,354,543,784,693,658,399,256,200,172,167,137,79,61,22,4
54,灵境胡同,116.3675,39.9148,1,0,0,0,0,0,0,0,0,0,0,9,20,39,148,313,511,380,271,196,181,184,221,193,191,157,194,223,209,238,229,452,523,411,592,1048,1718,1681,1134,666,475,451,420,489,347,328,102,13
55,菜市口,116.3682,39.8879,0,0,0,0,0,0,0,0,0,0,0,7,27,106,309,539,852,832,530,371,250,167,194,190,177,186,190,193,199,214,201,244,300,285,385,732,819,676,456,289,228,188,223,189,152,123,59,7
56,陶然亭,116.3684,39.877,1,0,0,0,0,0,0,0,0,0,0,16,62,250,808,1534,1983,2038,1139,757,435,427,354,320,275,291,329,350,352,342,343,452,572,665,769,1031,1125,970,695,350,274,249,216,200,161,139,82,16
57,北京南站,116.3733,39.8633,6,0,0,0,0,0,0,0,0,0,0,10,50,146,605,1225,2279,2317,1450,1063,906,796,795,647,649,945,1073,1294,1130,1250,1287,1214,1262,1351,1595,1540,1657,1747,1561,1270,1176,1111,1012,902,628,497,367,113
58,马家堡,116.3657,39.8518,0,0,0,0,0,0,0,0,0,0,2,20,59,239,795,1314,1976,1975,1038,676,404,330,242,268,191,233,261,301,278,256,257,238,247,276,295,438,590,530,369,222,165,187,139,131,120,88,35,14
59,角门西,116.3657,39.8445,0,0,0,0,0,0,0,0,0,0,5,26,76,319,1009,1806,2834,2855,1497,1014,562,478,340,319,289,302,336,364,329,346,346,329,320,330,393,563,599,586,455,300,242,252,216,200,168,141,55,8
60,公益西桥,116.3658,39.834,0,0,0,0,0,0,0,0,0,0,3,24,88,293,1158,1814,2435,2388,1210,810,519,353,304,310,274,300,271,312,338,339,403,297,282,302,380,660,877,940,612,355,229,238,278,224,197,119,64,6
61,天通苑北,116.4057,40.0815,0,0,0,0,0,0,0,0,0,0,7,43,158,554,1705,3631,6142,6960,4120,2313,1318,959,660,613,489,587,554,573,483,454,418,374,398,404,462,464,478,458,353,215,191,155,151,125,91,64,40,5
62,天通苑,116.4057,40.0732,0,0,0,0,0,0,0,0,0,0,7,62,208,605,1887,3541,5815,8007,5799,3246,1445,805,625,499,442,472,564,597,405,432,326,297,300,320,315,419,442,398,374,256,204,190,169,164,146,97,60,11
63,天通苑南,116.4057,40.0645,0,0,0,0,0,0,0,0,0,0,3,19,58,219,632,1181,2174,2636,1690,988,457,315,237,199,172,191,200,182,207,162,163,143,135,156,160,200,246,270,250,164,136,90,113,142,161,82,42,7
64,立水桥,116.4048,40.0508,2,0,0,0,0,0,0,0,0,0,3,23,83,287,824,2156,4308,5632,3634,2201,999,525,387,294,309,363,325,403,341,341,308,282,258,316,340,437,568,723,553,446,298,286,278,190,197,159,75,11
65,立水桥南,116.4075,40.0405,0,0,0,0,0,0,0,0,0,0,0,11,39,180,651,1412,2085,2174,1506,1114,602,358,275,237,181,186,266,255,201,182,187,165,157,177,263,445,599,725,621,405,241,209,191,169,127,82,43,6
66,北苑路北,116.4112,40.0289,5,0,0,0,0,0,0,0,0,0,0,6,43,241,599,934,1372,1504,1055,770,443,317,311,324,241,291,288,272,294,317,272,334,285,330,474,837,1376,1859,1766,1163,721,459,400,345,259,148,65,14
67,大屯路东,116.4101,40.0026,1,0,0,0,0,0,0,0,0,0,1,12,23,136,360,719,1027,1215,819,553,355,268,195,250,207,251,264,295,269,300,288,343,344,324,549,921,1425,1752,1605,1135,740,506,425,465,404,250,104,30
68,惠新西街北口,116.4104,39.9868,3,0,0,0,0,0,0,0,0,0,1,15,37,182,509,934,1344,1444,1039,719,436,364,296,299,291,301,396,431,362,395,420,411,482,559,865,1677,2304,2400,1914,1043,649,482,498,390,316,270,103,27
69,惠新西街南口,116.4107,39.9758,0,0,0,0,0,0,0,0,0,0,1,13,38,176,482,928,1750,1866,1194,726,394,298,240,250,263,297,300,294,232,283,260,278,333,356,557,1038,1188,986,787,497,378,299,335,332,239,137,84,16
70,和平西桥,116.4113,39.9676,2,0,0,0,0,0,0,0,0,0,0,6,19,142,392,635,1079,1140,652,455,343,323,260,237,234,262,217,236,240,273,233,282,327,371,631,1154,1725,1987,1551,903,504,446,399,341,213,169,80,23
71,和平里北街,116.4119,39.9579,1,0,0,0,0,0,0,0,0,0,0,12,29,145,450,751,1179,1062,580,367,241,190,201,218,184,183,195,177,179,197,205,264,457,363,600,1093,1273,1046,597,346,282,283,177,178,98,83,27,9
72,北新桥,116.4105,39.9395,0,0,0,0,0,0,0,0,0,0,0,7,28,95,232,450,631,672,400,252,210,157,165,176,119,144,172,221,215,189,229,328,395,487,543,782,760,766,743,534,407,328,336,331,298,230,142,22
73,张自忠路,116.4108,39.9321,0,0,0,0,0,0,0,0,0,0,0,4,18,55,161,313,493,485,258,212,153,132,121,164,137,137,144,148,175,136,151,321,370,334,422,622,708,567,357,220,158,129,141,132,92,80,48,9
74,东四,116.4128,39.9232,0,0,0,0,0,0,0,0,0,0,0,7,30,86,232,389,598,643,381,328,234,207,246,214,237,246,211,272,246,273,294,417,643,617,1009,1465,1556,1323,907,498,369,338,388,276,261,203,123,58
75,灯市口,116.4117,39.9148,2,0,0,0,0,0,0,0,0,0,0,2,14,50,137,247,349,325,243,186,164,162,227,212,222,182,200,206,192,243,302,716,706,734,987,1432,1859,1907,1462,815,563,414,361,410,351,374,146,47
76,磁器口,116.4128,39.8918,1,1,0,0,0,0,0,0,0,0,1,8,23,101,244,393,606,618,460,393,259,212,273,242,224,247,192,229,257,260,265,310,348,382,468,769,980,1181,797,496,335,277,297,237,180,121,66,15
77,天坛东门,116.4148,39.8815,0,0,0,0,0,0,0,0,0,0,0,11,27,140,359,704,1209,1154,703,481,307,237,216,210,205,207,211,226,245,224,275,305,374,472,531,774,899,752,475,276,180,127,111,99,86,59,55,6
78,蒲黄榆,116.4158,39.8644,0,1,0,0,0,0,0,0,0,0,0,49,103,374,1209,2315,3712,4136,2370,1391,755,591,395,335,269,358,427,390,408,389,369,352,397,460,601,688,687,697,514,377,265,246,226,227,210,160,95,16
79,刘家窑,116.4166,39.8557,0,0,0,0,0,0,0,0,0,0,0,27,91,380,1043,1991,3250,3898,2084,1255,680,562,445,488,405,467,501,478,469,459,397,442,427,470,581,936,959,965,717,461,274,255,222,172,133,113,70,18
80,宋家庄,116.4231,39.8448,1,0,0,0,0,0,1,0,0,0,1,41,123,572,1692,2744,4779,5864,3011,1705,904,691,512,500,410,441,493,524,485,469,440,599,605,592,575,782,911,873,661,428,312,255,233,201,162,138,61,25
81,海淀五路居,116.27,39.9307,0,2,0,0,0,0,0,0,0,0,1,21,51,248,713,1613,2993,3452,1888,1124,649,508,454,348,351,366,385,371,363,347,373,384,360,442,538,829,1373,1545,1200,690,419,286,213,205,156,119,94,23
82,慈寿寺,116.2894,39.9309,0,0,0,0,0,0,0,0,0,0,0,3,26,55,268,614,1054,1057,568,326,156,134,117,91,92,103,83,95,81,94,94,101,102,134,220,338,430,432,316,210,107,79,57,57,62,49,19,2
83,花园桥,116.3052,39.931,0,0,0,0,0,0,0,0,0,0,0,3,16,91,244,501,954,1025,521,335,236,197,156,142,138,185,196,245,220,235,216,197,210,284,415,773,1121,1319,1045,575,300,256,156,147,148,112,60,11
84,白石桥南,116.3205,39.9312,0,0,0,0,0,0,0,0,0,0,0,4,33,82,251,548,980,907,582,327,276,227,213,225,228,198,219,247,240,268,227,236,321,462,787,1813,2459,2449,1605,838,508,382,326,304,188,150,92,15
85,车公庄西,116.3387,39.9313,0,0,0,0,0,0,0,0,0,0,0,0,12,42,155,318,562,650,318,214,161,122,113,112,125,143,137,146,138,157,112,167,187,258,401,808,1071,949,540,272,160,147,144,123,82,60,38,5
86,北海北,116.3801,39.9313,0,0,0,0,0,0,1,0,0,0,0,0,11,36,105,225,342,334,265,187,155,175,147,131,154,106,134,141,130,131,172,218,269,458,650,710,493,328,177,131,109,104,121,130,82,64,36,10
87,南锣鼓巷,116.3982,39.9315,1,0,0,0,0,0,0,0,0,0,1,1,13,56,129,263,501,485,310,275,213,225,213,232,218,207,241,277,291,315,304,446,422,642,629,957,1047,787,596,461,332,306,317,266,224,189,114,15
88,东大桥,116.444,39.9222,4,0,0,0,0,0,0,0,0,0,0,4,24,70,172,301,482,544,385,367,364,356,385,414,440,378,359,408,443,543,513,533,649,747,1136,1860,2490,3514,3043,1834,1240,818,755,768,638,508,205,54
89,呼家楼,116.4555,39.9223,2,0,0,0,0,0,0,0,0,0,0,5,37,133,253,568,966,1051,654,495,354,313,331,340,325,307,305,335,342,392,397,470,503,603,810,1564,2742,3421,2863,1599,1022,764,729,704,430,339,176,56
90,金台路,116.4716,39.9218,1,0,0,0,0,0,0,0,0,0,0,11,54,196,467,816,1264,1507,1042,706,445,331,290,265,220,263,275,293,293,272,303,341,355,407,571,970,1317,1468,1212,812,466,383,291,289,257,179,133,23
91,十里堡,116.496,39.9215,1,0,0,0,0,0,0,0,0,0,0,15,88,370,798,1543,2245,2118,1645,1168,690,490,319,320,313,317,315,331,291,335,308,302,270,321,427,581,827,931,726,554,376,293,264,245,198,174,84,21
92,青年路,116.5119,39.9217,1,0,0,0,0,0,0,0,0,0,0,11,66,309,738,1660,2522,2514,1760,1331,746,539,437,396,358,388,471,508,503,496,454,428,494,541,589,798,1043,1332,1190,940,645,636,600,597,562,437,169,42
93,褡裢坡,116.558,39.9236,0,0,0,0,0,0,0,0,0,0,0,14,68,271,578,1152,2117,2470,1574,959,526,368,213,194,206,220,232,230,221,196,163,144,164,161,175,199,275,285,234,194,120,67,82,72,52,48,26,10
94,黄渠,116.573,39.9241,0,0,0,0,0,0,0,0,0,0,0,15,74,289,578,1326,2611,3316,2130,1261,613,403,283,190,176,216,232,201,171,184,147,131,135,181,221,275,280,306,278,196,150,122,102,73,81,47,23,8
95,常营,116.5941,39.9255,1,0,0,0,0,0,0,0,0,0,0,29,77,255,591,1411,2511,3033,1846,1137,587,386,264,228,204,244,239,250,280,213,208,186,175,208,214,269,338,435,365,281,229,200,199,209,175,172,106,11
96,草房,116.6108,39.9241,0,0,0,0,0,0,0,0,0,0,1,26,112,383,848,1813,3400,4193,2515,1667,948,723,548,458,371,449,416,464,354,355,302,309,268,271,283,355,470,493,363,259,221,118,136,102,80,69,40,4
97,物资学院路,116.6326,39.9257,0,0,0,0,0,0,0,0,0,0,0,1,12,114,492,907,1680,2180,1464,757,450,313,232,166,211,164,203,166,131,157,136,129,148,134,143,160,185,226,134,108,70,70,67,57,37,37,20,5
98,通州北关,116.6516,39.9236,0,0,0,0,0,0,0,0,0,0,0,0,0,14,58,170,377,497,295,158,83,66,36,48,37,33,39,38,34,31,28,22,25,37,39,33,28,39,38,17,5,7,13,7,10,7,2,5
99,北运河西,116.6675,39.9112,0,0,0,0,0,0,0,0,0,0,0,0,2,60,246,745,1106,1523,963,523,275,187,123,77,100,66,95,93,59,67,68,40,62,52,57,82,80,65,64,37,32,21,26,22,14,15,13,1
100,郝家府,116.6804,39.9037,1,0,0,0,0,0,0,0,0,0,0,0,2,12,25,92,213,244,164,67,41,25,16,27,16,10,10,21,14,14,9,11,10,14,21,17,17,16,6,16,3,1,6,1,3,1,0,0
101,东夏园,116.7164,39.9039,0,0,0,0,0,0,0,0,0,0,0,0,1,10,52,105,183,247,135,66,40,34,35,27,23,25,24,18,20,18,21,16,15,13,11,17,29,20,10,9,7,7,8,2,2,4,1,0
102,潞城,116.7472,39.9033,1,0,0,0,0,0,0,0,0,0,0,0,2,10,45,172,410,395,177,113,76,55,34,28,21,26,24,23,22,29,18,12,19,25,45,30,36,28,17,17,25,7,7,7,10,6,1,0
103,北京西站,116.3153,39.8925,9,0,0,0,0,0,0,0,0,0,1,120,619,1025,1157,1369,1221,1238,1361,1589,1396,1295,1320,1244,1320,1183,1315,1370,1536,1542,1499,1502,1454,1546,1576,1656,1896,2143,2025,1527,1140,937,1142,1571,1737,1645,1048,303
104,湾子,116.3225,39.888,0,0,0,0,0,0,0,0,0,0,0,3,22,81,291,655,1023,1036,582,326,224,184,167,159,126,131,152,171,180,174,159,150,168,243,324,456,619,668,416,264,135,113,96,94,74,61,28,13
105,达官营,116.3314,39.8879,0,0,0,0,0,0,0,0,0,0,0,3,23,117,499,1114,1745,1882,1039,632,332,229,184,181,140,113,176,196,182,163,190,170,141,198,269,409,499,481,360,219,136,130,130,137,124,71,43,7
106,广安门内,116.3534,39.8873,0,0,0,0,0,0,0,0,0,0,0,3,9,54,187,363,582,701,427,343,236,229,233,220,213,198,201,233,212,206,237,257,311,391,448,794,1054,977,580,323,207,144,171,148,103,58,36,4
107,虎坊桥,116.3794,39.8877,0,0,0,0,0,0,0,0,0,0,0,2,5,28,89,244,339,324,185,171,103,94,84,71,81,84,85,86,68,101,97,93,127,128,155,257,319,313,170,105,93,95,75,95,52,49,20,4
108,珠市口,116.3932,39.8894,0,0,0,0,0,0,0,0,0,0,0,2,9,27,46,94,180,217,147,110,95,77,67,84,82,78,97,69,123,118,116,115,112,148,170,209,295,279,176,86,87,88,48,45,42,23,19,1
109,桥湾,116.4012,39.8909,0,0,0,0,0,0,0,0,0,0,0,2,7,22,56,125,177,176,127,99,73,66,58,58,50,45,36,46,56,42,56,42,68,62,107,133,245,242,179,90,42,23,31,26,33,24,10,1
110,广渠门内,116.4231,39.8926,0,0,0,0,0,0,0,0,0,0,0,2,34,103,257,514,737,810,410,284,205,170,137,131,110,143,136,131,153,163,137,189,158,249,344,572,707,798,632,351,220,153,128,144,142,118,56,4
111,广渠门外,116.4336,39.8926,0,0,0,0,0,0,0,0,0,0,0,0,11,72,203,377,600,583,382,195,133,131,90,103,79,84,66,96,92,101,102,117,166,131,164,279,395,523,425,222,149,91,67,71,65,38,24,2
112,九龙山,116.4734,39.8923,0,0,0,0,0,0,0,0,0,0,0,0,10,30,94,193,353,386,191,159,76,80,74,64,61,70,70,63,75,77,75,71,74,86,114,187,310,348,283,162,91,78,61,68,54,35,18,5
113,大郊亭,116.4833,39.8922,0,0,0,0,0,0,0,0,0,0,0,1,12,20,50,94,187,220,137,99,62,61,58,69,78,53,92,94,81,75,73,67,83,106,141,210,362,489,427,224,122,99,62,42,35,37,10,1
114,百子湾,116.4895,39.8923,0,0,0,0,0,0,0,0,0,0,0,5,14,41,111,250,477,623,358,221,130,99,107,86,110,82,93,89,103,107,109,104,98,103,134,224,399,514,425,272,139,83,72,69,40,31,12,2
115,化工,116.4982,39.887,0,0,0,0,0,0,0,0,0,0,0,0,1,1,4,12,14,15,8,36,8,6,6,15,7,6,3,1,5,2,4,2,3,7,11,19,22,28,8,2,5,1,0,0,1,1,0,0
116,南楼梓庄,116.4967,39.8739,0,0,0,0,0,0,0,0,0,0,0,1,5,53,95,190,264,339,174,123,85,81,61,56,51,64,43,38,43,63,56,47,47,68,54,100,99,89,81,63,43,22,22,15,7,9,7,1
117,欢乐谷景区,116.495,39.8686,1,0,0,0,0,0,0,0,0,0,0,2,17,72,193,441,723,832,405,257,181,88,93,88,90,86,91,90,93,79,86,59,55,73,80,94,86,103,84,72,66,55,52,46,28,20,14,1
118,双合,116.524,39.8582,0,0,0,0,0,0,0,0,0,0,0,1,22,78,189,266,478,552,253,125,76,70,44,37,22,27,45,33,49,44,46,28,33,29,38,43,53,30,13,19,10,10,9,8,7,5,6,2
119,焦化厂,116.5352,39.8529,0,0,0,0,0,0,0,0,0,0,0,3,5,24,57,110,192,281,174,105,72,57,45,39,40,25,25,35,45,37,24,24,31,24,35,52,58,42,37,14,19,9,20,8,9,6,0,0
120,朱辛庄,116.3062,40.1024,2,0,0,0,0,0,0,0,0,0,2,11,30,105,394,1183,2512,3103,1814,821,386,228,169,145,119,107,120,136,138,124,104,87,90,92,133,250,270,205,141,119,71,59,55,48,32,24,8,3
121,育知路,116.3214,40.0889,0,0,0,0,0,0,0,0,0,0,0,4,10,47,97,327,641,859,510,285,160,112,89,76,80,80,72,82,75,75,62,67,70,83,112,110,106,88,75,46,59,31,35,32,30,17,15,1
122,平西府,116.3441,40.088,0,0,0,0,0,0,0,0,0,0,0,1,13,38,150,393,801,997,591,331,129,87,58,43,27,33,37,48,34,35,32,23,26,31,59,93,93,83,36,27,15,25,21,13,17,6,4,0
123,回龙观东大街,116.3566,40.0797,0,0,0,0,0,0,0,0,0,0,4,12,37,150,545,1616,3498,4740,2819,1398,547,320,231,164,166,178,192,190,153,141,120,129,153,147,158,158,261,289,194,110,117,97,87,80,64,51,10,2
124,霍营,116.3515,40.0694,3,0,0,0,0,0,0,0,0,0,1,28,66,307,1007,2633,5667,7210,4527,2483,941,483,274,270,232,228,277,252,236,190,176,170,207,210,239,294,315,310,264,162,139,110,101,89,80,46,40,6
125,育新,116.34,40.0586,0,0,0,0,0,0,0,0,0,0,4,12,26,167,474,1325,2739,3354,2102,1157,514,294,230,171,193,167,217,228,211,171,186,163,191,201,243,292,460,541,459,341,182,150,203,166,152,61,25,1
126,西小口,116.3445,40.045,0,0,0,0,0,0,0,0,0,0,0,6,11,48,131,306,634,722,459,247,144,80,66,64,79,49,66,62,47,57,49,59,60,76,103,228,523,707,549,361,220,167,113,133,76,42,18,3
127,永泰庄,116.3477,40.0349,0,0,0,0,0,0,0,0,0,0,2,9,45,144,457,1226,2425,2734,1839,1007,433,239,173,150,156,150,214,223,201,164,160,156,173,175,237,331,478,477,427,314,186,159,148,192,182,81,20,2
128,林萃桥,116.3674,40.0199,0,0,0,0,0,0,0,0,0,0,0,1,7,41,189,427,597,569,420,247,144,84,56,56,56,78,80,91,56,69,86,74,61,95,154,243,353,357,281,152,89,67,70,81,60,45,15,0
129,森林公园南门,116.386,40.0077,0,0,0,0,0,0,0,0,0,0,0,0,0,4,27,53,89,77,35,33,29,31,56,23,23,13,23,27,21,35,48,86,81,71,85,119,128,91,75,69,45,39,41,21,11,10,2,0
130,奥林匹克公园,116.3864,40.0005,0,0,0,0,0,0,0,0,0,0,0,4,7,22,61,203,328,370,212,173,112,85,103,138,126,161,132,190,160,174,167,251,223,282,345,592,987,1300,1378,1031,764,667,540,538,385,152,38,7
131,奥体中心,116.3875,39.9854,0,0,0,0,0,0,0,0,0,0,0,0,0,3,11,19,38,45,40,30,22,21,48,55,51,66,59,64,73,75,79,104,101,140,165,236,433,519,472,278,191,138,113,113,73,30,15,1
132,北土城,116.387,39.9758,2,0,0,0,0,0,0,0,0,0,0,1,17,53,167,443,696,782,489,335,181,124,124,102,92,111,137,136,123,129,124,144,162,203,266,558,785,721,532,273,202,177,143,116,92,72,25,10
133,安华桥,116.3882,39.9672,0,0,0,0,0,0,0,0,0,0,0,4,20,90,231,476,916,981,512,334,203,142,143,144,124,127,150,141,153,152,162,178,234,279,333,743,1059,1076,786,471,296,247,190,146,122,110,36,4
134,什刹海,116.3877,39.9414,0,0,0,0,0,0,0,0,0,0,0,3,3,17,36,98,175,202,112,90,46,44,63,74,45,57,76,84,95,85,111,101,119,144,164,201,204,205,199,126,151,119,113,109,104,102,54,6
135,白堆子,116.3196,39.9216,0,0,0,0,0,0,0,0,0,0,0,4,18,60,191,343,597,606,405,243,194,180,207,182,184,146,174,155,151,152,178,180,248,313,434,863,967,807,480,299,178,142,96,111,63,58,27,4
136,六里桥东,116.3097,39.8848,1,0,0,0,0,0,0,0,0,0,0,8,69,320,946,1680,2434,2931,1926,1242,801,634,553,540,474,490,440,444,410,413,404,387,395,452,500,689,782,719,576,409,285,198,185,166,144,100,44,8
137,六里桥,116.299,39.8794,2,0,0,0,0,0,0,0,0,0,0,12,68,172,363,767,1311,1282,712,462,250,220,179,166,160,156,217,183,254,232,240,227,290,242,251,336,357,332,234,172,147,146,97,77,83,63,16,9
138,七里庄,116.2876,39.8646,1,0,0,0,0,0,0,0,0,0,0,8,36,135,409,842,1168,1319,643,422,267,217,194,204,205,192,203,196,198,183,193,191,210,235,295,390,596,475,376,246,173,160,171,168,127,105,49,14
139,丰台东大街,116.2893,39.8534,0,0,0,0,0,0,0,0,0,0,0,3,24,89,252,577,862,953,440,264,168,114,121,131,107,103,107,123,88,89,76,81,86,126,143,209,212,225,151,87,64,40,60,36,32,25,15,3
140,丰台南路,116.2914,39.8394,0,0,0,0,0,0,0,0,0,0,0,15,56,137,415,851,1479,1610,776,475,265,199,169,143,128,147,159,162,135,160,105,120,155,191,217,326,384,247,231,130,92,108,78,75,66,49,22,5
141,科怡路,116.2935,39.8308,0,0,0,0,0,0,0,0,0,0,0,5,17,76,245,544,945,978,530,309,179,134,108,106,121,134,112,139,117,108,125,99,99,125,186,318,514,529,359,224,146,100,100,82,51,62,31,6
142,丰台科技园,116.2929,39.8227,0,0,0,0,0,0,0,0,0,0,0,0,2,14,34,68,139,139,108,95,91,101,108,132,140,163,149,160,153,123,180,187,206,278,468,1158,2139,2551,1825,989,465,324,264,181,122,39,19,1
143,郭公庄,116.2967,39.8119,0,0,0,0,0,0,0,0,0,0,0,3,19,53,124,224,367,327,198,120,84,56,63,47,34,23,43,52,32,51,43,58,63,73,124,182,163,91,68,48,21,16,20,8,12,17,6,0
144,巴沟,116.2803,39.9701,0,0,0,0,0,0,0,0,0,0,0,6,7,40,114,224,423,474,288,162,126,94,80,79,90,121,136,124,108,110,115,102,127,157,194,323,415,484,491,351,272,224,184,203,212,87,21,4
145,苏州街,116.289,39.9724,0,0,0,0,0,0,0,0,0,0,0,6,24,71,249,558,1070,1118,816,585,443,430,386,366,416,389,400,408,408,442,487,520,727,835,1039,1718,2688,3669,3562,2327,1473,1057,844,730,541,306,86,5
146,知春里,116.3225,39.974,0,0,2,0,0,0,0,0,0,0,2,4,13,53,180,366,640,676,368,249,152,121,114,125,125,114,118,151,109,128,120,193,253,422,484,877,1088,1328,1257,875,490,343,239,201,149,67,10,4
147,知春路,116.3343,39.974,1,0,0,0,0,0,0,0,0,0,2,10,43,81,365,712,1413,1625,1039,698,402,348,267,269,273,313,305,342,340,348,333,350,356,515,706,1484,2741,3275,2722,1697,1072,803,606,596,381,219,110,19
148,西土城,116.3473,39.9753,0,0,0,0,0,0,0,0,0,0,2,8,14,63,259,569,1084,1287,785,545,383,355,326,392,375,418,339,351,289,356,338,353,419,550,749,1518,2183,2248,1982,1254,727,441,390,367,244,117,40,3
149,牡丹园,116.3633,39.9756,1,0,0,0,0,0,0,0,0,0,0,13,21,116,425,904,1816,2022,1277,741,433,345,288,321,309,329,381,383,335,413,361,410,431,539,722,1304,1952,2002,1659,963,543,489,445,432,425,217,64,5
150,健德门,116.3748,39.9757,0,0,0,0,0,0,0,0,0,0,0,7,27,78,327,761,1438,1778,1125,625,383,274,285,301,327,337,405,402,352,331,273,349,387,483,629,1358,2103,2262,1901,1207,682,552,417,381,268,195,54,4
151,安贞门,116.4005,39.9757,0,0,0,0,0,0,0,0,0,0,0,4,16,67,197,429,882,1133,686,478,387,353,317,298,254,225,207,259,222,259,284,280,288,381,502,903,1044,1182,998,571,371,307,231,159,144,90,33,6
152,芍药居,116.4302,39.9762,2,1,0,0,0,0,0,0,0,0,2,8,44,199,522,1281,2418,3103,1902,1112,558,381,270,288,274,361,351,329,298,317,329,359,341,440,737,1133,1705,1874,1547,930,486,368,306,280,210,158,87,4
153,太阳宫,116.4407,39.9716,2,0,0,0,0,0,0,0,0,0,0,4,23,152,473,1065,1982,2353,1557,1003,549,412,283,309,304,323,327,368,316,351,315,355,372,387,600,965,1254,1474,1363,947,682,581,533,440,395,255,98,6
154,三元桥,116.4533,39.9628,4,0,1,0,0,1,0,0,0,0,1,6,41,154,386,865,1555,1766,1160,851,630,538,551,567,568,617,555,572,623,682,668,640,728,814,1157,2013,3526,4556,4167,2742,1677,1125,944,774,646,457,205,41
155,亮马桥,116.4559,39.9469,4,0,0,0,0,0,0,0,0,0,0,8,24,121,272,635,1070,1233,753,577,417,381,404,398,417,336,361,377,379,454,445,525,631,783,1050,2038,3136,3850,3170,1786,1031,680,656,507,494,490,218,35
156,农业展览馆,116.4559,39.9399,0,0,0,0,0,0,0,0,0,0,0,1,11,29,73,176,282,392,280,174,96,98,91,98,80,66,65,70,67,70,70,73,89,121,208,351,399,455,366,198,135,83,63,64,62,58,24,7
157,团结湖,116.4555,39.9332,0,0,0,0,0,0,0,0,0,0,0,6,39,130,289,611,996,1304,902,692,447,394,461,395,405,374,424,375,390,431,533,557,630,706,962,1624,2207,3014,2913,1753,1068,825,822,866,649,595,309,46
158,金台夕照,116.4559,39.9154,1,1,0,0,0,0,0,0,0,0,0,2,13,30,57,135,224,281,211,173,207,221,233,275,292,290,281,295,311,341,340,393,455,531,743,1614,2942,3724,3675,2255,1348,1018,884,784,710,457,217,40
159,双井,116.4556,39.8839,4,1,0,0,0,0,0,0,0,0,0,3,43,190,498,1230,2237,2430,1862,1332,771,548,522,471,470,460,540,574,632,624,567,617,639,633,838,1312,2024,2517,2344,1681,1080,837,794,782,631,531,287,54
160,劲松,116.4555,39.8746,5,0,0,0,0,0,0,0,0,0,0,4,61,333,919,2234,3751,3823,2620,1946,1069,741,575,516,454,490,547,586,571,596,477,485,532,576,829,1126,1527,1532,1249,701,495,381,378,338,283,199,109,30
161,大钟寺,116.3393,39.9656,2,0,0,0,0,0,0,0,0,0,0,2,15,43,118,296,664,710,528,337,166,151,120,126,131,141,190,158,157,187,171,220,208,333,493,1010,1376,1670,1394,759,428,356,311,282,251,144,65,9
162,五道口,116.3317,39.9905,8,0,0,0,0,0,0,0,0,0,0,15,41,111,295,759,1378,1520,958,623,399,336,340,324,336,413,488,447,426,470,477,558,569,690,910,1899,2972,3361,3225,2801,1801,1372,1043,1063,762,555,236,54
163,上地,116.3132,40.0316,1,0,0,0,0,0,0,0,0,0,1,14,51,209,698,1498,2216,2783,1801,1166,664,447,325,341,305,347,385,422,380,393,299,359,373,380,512,941,1601,2103,2049,1334,892,577,530,464,449,236,98,15
164,西二旗,116.2985,40.0509,0,0,0,0,0,0,0,0,0,0,1,7,35,158,663,1617,2869,3463,2294,1406,737,581,460,430,482,488,537,530,496,498,499,497,593,744,1207,2941,6273,8523,7867,5534,3366,2310,1828,1424,925,425,211,24
165,龙泽,116.3136,40.0691,0,0,0,0,0,0,0,0,0,0,3,16,44,273,947,2723,5082,5488,3518,2390,1067,582,422,336,338,353,384,422,358,351,269,320,265,261,316,383,431,467,378,263,198,164,130,124,127,77,44,10
166,回龙观,116.3292,40.0688,0,0,0,0,0,0,0,0,0,0,4,10,59,336,1171,3108,6301,7534,5053,3445,1423,681,499,357,276,350,366,377,367,297,270,234,268,272,307,381,383,343,356,235,190,179,167,197,146,82,40,6
167,北苑,116.4277,40.0412,0,0,0,0,0,0,0,0,0,0,3,8,25,155,446,1089,2143,2662,1722,971,411,222,162,126,112,121,114,135,126,109,120,101,104,103,176,262,323,329,240,174,151,126,94,77,87,55,39,7
168,望京西,116.4409,39.9941,1,0,0,0,0,0,0,0,0,0,0,3,21,90,268,730,1294,1485,862,481,259,240,178,208,307,270,240,294,241,223,263,240,282,317,410,645,1054,1742,1778,1295,849,575,418,277,204,98,61,21
169,光熙门,116.4258,39.9693,1,0,0,0,0,0,0,0,0,0,0,2,24,138,345,586,982,1034,671,509,360,250,235,209,182,186,182,172,190,161,126,198,275,277,328,493,730,693,544,344,211,127,148,177,123,105,42,10
170,柳芳,116.4262,39.9567,3,0,0,0,0,0,0,0,0,0,0,5,24,47,151,375,680,691,411,311,183,131,159,178,130,153,147,144,170,174,185,204,187,296,560,979,1458,1842,1431,936,570,452,342,374,279,167,70,18
171,张郭庄,116.184,39.8574,0,0,0,0,0,0,0,0,0,0,0,4,12,50,167,446,740,790,417,210,112,81,56,45,41,39,50,35,46,32,34,32,28,33,51,46,52,62,58,24,23,19,26,13,20,6,1,0
172,园博园,116.2082,39.8619,0,0,0,0,0,0,0,0,0,0,0,0,3,6,43,87,210,219,131,51,32,31,27,22,18,25,16,20,19,23,16,20,11,20,27,30,32,32,17,11,16,12,10,4,7,1,0,0
173,大瓦窑,116.2306,39.8656,0,0,0,0,0,0,0,0,0,0,0,3,8,50,204,378,633,678,391,176,84,59,50,29,52,51,40,39,44,46,53,40,26,43,61,86,99,88,74,30,22,9,12,9,27,16,0,1
174,郭庄子,116.2474,39.8655,0,0,0,0,0,0,0,0,0,0,0,1,12,69,248,372,712,699,376,192,129,85,87,56,30,39,46,66,51,58,49,40,48,44,73,78,82,82,56,51,33,37,22,25,21,11,4,0
175,大井,116.2717,39.8633,0,0,0,0,0,0,0,0,0,0,0,0,10,43,131,328,455,566,319,155,99,93,66,63,48,33,51,50,48,67,44,45,56,52,59,123,138,126,125,79,31,27,26,37,23,13,3,0
176,西局,116.2983,39.8654,0,0,0,0,0,0,0,0,0,0,0,3,23,110,299,492,810,850,497,311,191,174,122,114,110,134,95,131,111,131,134,116,150,170,216,326,370,356,275,159,108,79,54,76,54,32,17,3
177,朝阳公园,116.4783,39.9337,0,0,0,0,0,0,0,0,0,0,0,0,0,0,0,0,0,0,0,0,0,0,0,0,0,0,0,0,0,0,0,0,0,0,0,0,0,0,0,0,0,0,0,0,0,0,0,0
178,枣营,116.4727,39.9337,0,0,0,0,0,0,0,0,0,0,0,0,0,10,29,59,77,95,84,62,37,22,30,26,28,26,35,32,20,28,39,44,37,52,83,118,159,154,129,87,64,58,73,72,66,52,26,0
179,东风北桥,116.4685,39.9429,0,0,0,0,0,0,0,0,0,0,0,0,5,17,41,80,131,174,137,89,50,34,38,39,32,37,30,35,37,36,28,35,30,37,58,98,113,121,107,80,52,33,30,31,30,14,7,1
180,将台,116.4802,39.9621,0,0,0,0,0,0,0,0,0,0,0,1,4,38,81,192,339,419,292,257,169,154,111,156,174,188,182,185,174,170,192,180,224,239,331,638,1109,1641,1598,1002,627,398,364,250,188,134,63,3
181,望京南,116.471,39.9867,0,0,0,0,0,0,0,0,0,0,0,1,2,8,43,99,164,185,155,125,88,45,69,70,61,59,84,93,80,75,100,80,83,118,162,285,522,706,670,424,262,214,153,125,123,95,47,5
182,阜通,116.4643,39.9906,0,0,0,0,0,0,0,0,0,0,0,0,2,13,42,79,140,149,149,96,60,63,55,55,53,53,59,76,84,75,85,76,90,114,118,147,217,407,536,491,305,194,161,126,108,85,31,2
183,望京,116.4615,39.9975,2,0,0,0,0,0,0,0,0,0,0,0,7,79,187,445,754,813,568,362,204,167,136,168,163,174,215,182,206,168,206,185,232,268,310,677,1136,1506,1600,1111,818,491,439,402,369,243,98,12
184,东湖渠,116.4608,40.0124,0,0,0,0,0,0,0,0,0,0,0,0,6,20,63,128,225,229,192,141,92,76,63,74,75,77,89,88,62,97,85,113,94,113,126,258,438,687,706,453,262,176,143,122,89,55,23,1
185,来广营,116.4611,40.0224,0,0,0,0,0,0,0,0,0,0,0,0,2,8,25,62,136,156,111,70,54,41,38,45,39,41,37,23,34,33,39,36,43,30,68,104,139,228,216,159,97,62,28,25,20,5,3,0
186,善各庄,116.4699,40.0286,0,0,0,0,0,0,0,0,0,0,0,0,2,6,10,34,58,80,58,41,12,9,9,10,10,8,10,3,4,12,3,7,2,4,4,6,15,20,11,9,10,3,1,6,4,3,0,0
187,清华东路西口,116.3322,39.999,1,0,0,0,0,0,0,0,0,0,0,0,3,4,25,64,169,224,161,91,65,49,43,38,52,51,66,54,58,57,46,38,53,75,104,206,395,512,427,257,138,88,79,66,62,53,17,5
188,六道口,116.3607,40.0001,0,0,0,0,0,0,0,0,0,0,0,0,2,16,67,222,421,486,315,207,123,90,87,90,77,108,104,102,97,100,89,126,104,111,169,264,369,421,416,217,141,102,93,82,78,57,29,6
189,北沙滩,116.3715,40.0001,0,0,0,0,0,0,0,0,0,0,0,0,6,19,58,182,370,565,392,193,112,89,77,78,70,66,80,80,72,71,62,73,74,93,101,166,214,271,205,128,68,41,50,58,37,34,13,0
190,安立路,116.4019,40.001,0,0,0,0,0,0,0,0,0,0,0,0,3,18,75,177,357,379,230,168,94,89,68,91,79,87,92,72,77,98,103,97,116,122,155,304,448,474,350,199,163,130,125,94,69,56,25,2
191,关庄,116.4235,39.9997,1,0,0,0,0,0,0,0,0,0,0,0,3,10,32,106,145,135,81,71,42,20,14,13,23,18,22,16,21,29,15,27,18,16,51,108,147,163,122,78,54,23,22,21,25,17,10,0
192,崔各庄,116.4858,40.0216,0,0,0,0,0,0,0,0,0,0,1,0,15,54,110,231,435,574,307,169,107,66,44,39,49,44,44,50,42,47,50,34,43,56,62,101,93,121,81,43,35,33,21,27,22,19,3,0
193,马泉营,116.497,40.0333,0,0,0,0,0,0,0,0,0,0,0,3,22,107,171,291,684,849,466,269,119,111,88,109,70,79,92,86,86,81,90,81,94,103,140,234,227,213,152,87,94,68,71,101,87,25,7,1
194,孙河,116.5263,40.0414,0,0,0,0,0,0,0,0,0,0,0,2,14,40,77,125,257,381,181,110,53,38,34,31,24,26,24,32,23,22,17,23,22,39,44,58,66,55,32,29,36,13,8,15,9,8,2,0
195,国展,116.5482,40.0688,0,0,0,0,0,0,0,0,0,0,0,4,13,40,82,186,326,395,241,164,98,79,65,75,70,85,63,94,80,73,71,72,98,112,188,381,471,398,186,125,71,46,48,57,36,15,14,1
196,花梨坎,116.5501,40.0839,0,0,0,0,0,0,0,0,0,0,0,2,6,44,145,269,486,588,352,207,109,88,83,80,59,73,66,64,58,62,63,40,39,78,153,230,288,205,151,81,52,40,39,22,14,8,1,3
197,后沙峪,116.5558,40.1137,0,0,0,0,0,0,0,0,0,0,0,0,6,63,193,427,745,847,521,316,180,157,124,124,136,115,124,106,95,119,114,98,152,174,199,267,302,215,146,77,61,59,40,26,20,14,8,5
198,南法信,116.6028,40.1279,0,0,0,0,0,0,0,0,0,0,0,2,4,27,90,208,324,364,248,154,90,78,69,68,50,41,71,58,56,42,41,47,37,64,86,155,126,128,102,64,39,46,35,11,18,14,5,0
199,石门,116.6337,40.1293,0,0,0,0,0,0,0,0,0,0,0,0,8,59,258,531,820,868,484,288,149,112,118,98,71,81,90,103,88,64,82,59,65,47,82,101,121,117,105,74,61,58,37,51,31,23,7,1
200,顺义,116.6496,40.1301,2,0,0,0,0,0,0,0,0,0,0,2,12,122,447,1018,1552,1624,922,582,306,257,223,249,244,191,178,203,148,180,178,147,143,182,175,187,219,276,232,154,141,98,107,79,60,50,17,4
201,俸伯,116.6758,40.1322,0,0,0,0,0,0,0,0,0,0,0,6,33,133,440,959,1369,1194,586,347,234,223,176,178,124,119,126,108,137,92,93,113,93,96,104,139,107,128,138,82,64,45,39,30,18,10,2,2
202,潘家园,116.4525,39.8648,2,0,0,0,0,0,0,0,0,0,0,3,38,193,566,1359,2720,3205,1881,1183,658,459,369,380,336,326,379,413,426,391,347,464,432,473,638,900,1081,909,656,381,255,209,206,180,135,100,55,9
203,十里河,116.4492,39.8509,1,0,0,0,0,0,0,0,0,0,0,6,64,248,505,1181,2614,3144,1743,962,620,452,424,405,378,399,422,450,438,481,402,397,427,532,635,913,1141,1054,887,573,357,255,223,190,148,110,56,17
204,分钟寺,116.4419,39.8445,0,0,0,0,0,0,0,0,0,0,0,12,51,121,291,742,1936,2763,1256,666,340,259,202,162,157,172,162,183,160,180,117,120,101,100,123,154,175,143,127,100,80,85,76,77,52,54,18,4
205,成寿寺,116.4336,39.8445,2,0,0,0,0,0,0,0,0,0,0,4,42,185,404,929,1792,2240,1160,678,383,284,209,190,169,170,216,199,182,188,193,162,164,168,256,529,516,388,216,154,124,77,84,86,59,61,37,5
206,石榴庄,116.408,39.8445,0,0,0,0,0,0,0,0,0,0,0,6,42,188,517,843,1258,1320,803,528,347,279,193,152,190,184,184,212,204,184,142,149,154,179,201,274,313,253,163,111,97,113,113,91,72,45,32,10
207,大红门,116.3946,39.844,0,0,0,0,0,0,0,0,0,0,0,5,51,153,399,681,1043,1180,733,498,315,280,242,217,288,257,284,299,306,252,229,203,224,239,249,311,288,240,201,129,86,103,68,45,49,51,23,2
208,角门东,116.3803,39.8441,0,0,0,0,0,0,0,0,0,0,0,9,60,201,548,1124,1823,1966,1152,734,417,328,284,195,194,240,257,255,287,293,265,314,262,220,346,448,644,602,473,282,236,226,203,171,215,133,52,9
209,草桥,116.3466,39.8442,0,0,0,0,0,0,0,0,0,0,0,0,33,99,313,626,1101,1266,636,343,245,193,126,105,121,111,125,132,130,138,108,124,109,144,174,241,265,216,180,114,104,73,61,60,46,55,11,3
210,纪家庙,116.3284,39.8424,0,0,0,0,0,0,0,0,0,0,0,6,13,46,131,206,401,493,255,185,112,105,102,86,78,83,78,93,87,91,94,68,88,66,122,155,199,172,121,66,84,86,47,16,26,21,10,2
211,首经贸,116.315,39.8427,0,0,0,0,0,0,0,0,0,0,0,3,27,151,481,1093,1863,2024,1008,590,319,209,175,172,126,129,188,173,163,152,131,127,192,168,198,232,194,188,140,91,76,77,80,86,45,56,24,6
212,丰台站,116.3005,39.8458,0,0,0,0,0,0,0,0,0,0,0,4,25,124,430,754,1284,1249,687,408,236,132,136,81,82,87,100,96,124,118,71,69,69,84,86,106,110,125,89,57,54,42,56,48,39,28,10,3
213,泥洼,116.2995,39.8537,0,0,0,0,0,0,0,0,0,0,0,2,20,104,328,560,855,921,489,333,183,146,153,118,121,116,112,133,126,155,123,141,111,108,157,225,290,245,196,131,81,78,71,67,47,35,13,7
214,莲花桥,116.303,39.8941,0,0,0,0,0,0,0,0,0,0,0,0,5,42,188,357,626,522,283,213,133,107,118,92,81,106,95,69,86,91,100,145,142,224,215,371,416,412,308,160,94,70,51,66,55,30,16,2
215,西钓鱼台,116.2916,39.9211,0,0,0,0,0,0,0,0,0,0,0,6,8,70,263,602,920,985,674,514,397,364,422,343,350,282,243,257,264,313,327,451,516,487,518,773,962,937,693,370,229,190,187,145,113,75,24,4
216,车道沟,116.2894,39.9454,0,0,0,0,0,0,0,0,0,0,2,9,22,68,230,489,830,956,482,267,185,121,155,151,150,154,131,158,170,154,188,187,186,230,422,853,1292,1357,1028,412,248,174,147,140,142,79,25,2
217,长春桥,116.2889,39.9559,1,0,0,0,0,0,0,0,0,0,1,11,18,56,250,417,733,740,461,240,190,184,189,188,182,213,197,227,224,243,243,307,321,297,380,577,905,1340,1213,754,451,365,403,563,418,129,24,2
218,火器营,116.2832,39.9646,0,0,0,0,0,0,0,0,0,0,0,2,4,51,293,366,592,584,295,149,77,55,54,61,48,56,54,42,66,46,44,52,65,73,115,244,279,308,246,106,72,60,30,24,29,21,8,2
219,新宫,116.3607,39.8097,1,0,0,0,0,0,0,0,0,0,0,0,55,377,799,1415,2522,2846,1498,862,551,421,343,289,282,306,319,305,251,320,257,202,249,311,337,425,478,435,323,228,159,144,110,115,62,42,29,9
220,西红门,116.324,39.7874,0,0,0,0,0,0,0,0,0,0,0,1,62,287,794,1486,2634,2793,1452,821,513,448,342,315,276,347,344,429,389,379,354,344,405,384,479,472,534,484,488,392,331,348,339,400,403,327,153,20
221,高米店北,116.3257,39.7754,0,0,0,0,0,0,0,0,0,0,0,0,33,187,400,1011,1696,1740,918,556,345,269,205,156,127,153,161,178,176,171,189,104,99,161,163,237,255,253,167,146,90,81,71,61,56,29,19,1
222,高米店南,116.3276,39.7626,0,0,0,0,0,0,0,0,0,0,0,0,14,105,252,557,929,1001,558,401,334,318,307,302,254,206,263,230,210,226,260,262,265,315,386,421,471,456,346,219,145,154,160,129,114,83,28,11
223,枣园,116.3282,39.7527,1,0,0,0,0,0,0,0,0,0,0,2,51,236,631,1300,2216,2477,1149,699,454,281,246,211,228,202,249,251,201,198,139,150,128,144,191,256,231,247,189,146,86,94,94,103,82,59,32,6
224,清源路,116.3286,39.7406,0,0,0,0,0,0,0,0,0,0,0,2,35,177,332,740,1267,1398,700,432,269,234,201,187,195,198,225,214,193,175,141,146,146,161,192,250,255,213,165,117,73,77,79,77,76,43,15,2
225,黄村西大街,116.3289,39.73,2,0,0,0,0,0,0,0,0,0,0,0,29,189,447,736,1344,1540,842,564,392,384,331,322,305,282,257,284,217,268,249,230,258,289,273,319,330,343,234,175,159,116,114,114,87,45,46,7
226,黄村火车站,116.3279,39.7199,0,0,0,0,0,0,0,0,0,1,0,2,44,218,481,822,1339,1559,746,440,323,233,228,208,168,166,168,171,172,162,131,132,115,153,145,250,219,232,149,95,77,85,105,111,152,93,23,4
227,义和庄,116.3159,39.7101,0,0,0,0,0,0,0,0,0,0,0,0,6,40,106,189,308,319,152,112,65,47,48,33,29,39,33,25,26,19,37,33,35,49,64,62,53,47,26,16,14,18,14,8,12,4,1,0
228,生物医药基地,116.3182,39.6855,0,0,0,0,0,0,0,0,0,0,0,1,24,80,146,310,539,593,323,207,158,103,95,90,79,63,79,85,67,84,67,82,85,127,141,247,264,177,119,77,52,35,28,25,27,8,1,2
229,天宫院,116.316,39.6666,0,0,0,0,0,0,0,0,0,0,0,4,46,177,476,803,1300,1390,688,477,350,303,256,229,231,226,189,205,182,228,159,161,173,161,174,275,318,248,151,160,92,84,51,35,26,22,11,5
230,南邵,116.2791,40.2042,0,0,0,0,0,0,0,0,0,0,0,1,10,116,405,1174,1857,1965,1317,777,438,287,224,205,221,209,232,224,182,176,179,147,137,187,208,371,404,357,199,149,93,100,73,74,55,32,27,3
231,沙河高教园,116.2729,40.1624,0,0,0,0,0,0,0,0,0,0,0,0,5,45,251,890,1858,2272,1225,570,269,142,103,90,84,94,91,96,76,80,48,78,60,87,94,106,142,112,108,53,38,31,28,34,33,17,6,0
232,沙河,116.2819,40.1454,0,0,0,0,0,0,0,0,0,0,0,0,23,145,944,2365,3725,4082,2726,1609,655,382,306,284,251,255,278,238,236,220,197,158,141,157,161,244,271,272,221,166,94,88,81,58,64,31,15,6
233,巩华城,116.2865,40.1287,0,0,0,0,0,0,0,0,0,0,0,0,1,9,42,136,233,275,174,61,30,35,16,19,4,4,16,11,13,5,4,5,2,9,16,17,12,12,8,13,4,3,2,1,2,1,1,0
234,生命科学园,116.2831,40.0908,0,0,0,0,0,0,0,0,0,0,0,0,18,110,419,1308,2449,3281,2269,1293,493,319,235,216,199,227,210,234,206,167,170,151,160,203,241,467,783,708,544,364,259,193,201,148,124,78,41,8
235,大葆台,116.2876,39.8053,0,0,0,0,0,0,0,0,0,0,0,1,11,58,88,243,322,333,178,122,97,79,82,65,77,88,67,70,82,80,82,104,94,112,177,398,543,356,212,130,69,83,62,48,28,16,7,0
236,稻田,116.2132,39.7912,0,0,0,0,0,0,0,0,0,0,0,2,13,73,114,293,470,466,193,111,48,54,38,29,30,33,26,27,18,32,23,20,8,26,22,25,27,23,15,10,10,7,5,2,5,6,1,0
237,长阳,116.2084,39.7613,0,0,0,0,0,0,0,0,0,0,0,2,52,157,488,1237,2375,2329,1113,571,306,184,170,136,112,118,104,130,132,124,86,81,83,88,91,116,128,96,83,74,54,35,27,39,28,20,6,0
238,篱笆房,116.1857,39.7583,0,0,0,0,0,0,0,0,0,0,0,3,14,42,109,397,681,686,367,211,96,78,40,50,49,57,45,49,41,69,47,30,34,46,64,62,50,47,45,44,27,36,67,39,29,14,2,1
239,广阳城,116.1805,39.7456,0,0,0,0,0,0,0,0,0,0,0,1,9,28,58,216,454,402,229,120,67,44,35,25,48,25,36,37,35,31,35,30,33,39,40,33,38,38,22,28,18,10,11,15,7,2,2,0
240,良乡大学城北,116.1801,39.7302,0,0,0,0,0,0,0,0,0,0,0,0,8,27,59,156,264,265,145,65,54,34,17,22,25,24,26,27,19,29,20,19,31,23,26,28,22,17,19,14,6,3,5,4,0,2,1,0
241,良乡大学城,116.1743,39.7208,0,0,0,0,0,0,0,0,0,0,0,2,1,8,17,55,73,77,51,29,29,24,35,18,23,18,20,15,14,16,13,18,16,28,31,27,30,24,25,20,17,9,6,4,3,0,2,0
242,良乡大学城西,116.1549,39.7203,0,0,0,0,0,0,0,0,0,0,0,4,22,92,222,523,939,953,454,265,154,100,83,53,64,35,65,78,71,41,39,45,48,50,38,41,52,57,60,30,32,29,21,28,18,15,4,1
243,良乡南关,116.1418,39.7209,0,0,0,0,0,0,0,0,0,0,0,2,17,33,111,280,454,479,238,114,89,102,63,78,64,46,49,53,37,51,49,55,52,52,62,57,60,56,60,37,28,35,24,28,13,10,4,4
244,苏庄,116.1174,39.7212,0,0,0,0,0,0,0,0,0,0,1,5,13,52,229,631,1139,1134,518,269,188,180,117,121,110,112,90,89,91,75,83,72,81,99,103,120,143,100,90,66,48,51,25,23,25,16,5,3
245,肖村,116.4436,39.8329,0,0,0,0,0,0,0,0,0,0,0,1,5,40,121,223,332,403,219,146,85,67,55,75,69,51,44,62,65,70,74,86,91,85,140,258,243,183,122,93,50,36,30,22,13,15,2,1
246,小红门,116.4547,39.8265,0,0,0,0,0,0,0,0,0,0,0,1,33,135,178,229,393,492,259,158,83,78,53,59,44,38,56,56,49,56,60,54,43,41,43,60,47,39,40,29,26,19,27,10,12,9,1,0
247,旧宫,116.4563,39.806,0,0,0,0,0,0,0,0,0,0,0,0,25,132,336,781,1471,1712,876,504,268,193,170,172,143,136,149,134,154,128,117,115,113,146,121,178,196,209,132,113,78,61,59,49,52,30,10,2
248,亦庄桥,116.4762,39.8022,0,0,0,0,0,0,0,0,0,0,0,0,20,107,248,479,917,1010,670,358,200,135,143,96,81,99,113,93,92,91,80,73,87,113,120,167,201,227,127,83,47,53,48,53,38,21,2,0
249,亦庄文化园,116.4853,39.806,0,0,0,0,0,0,0,0,0,0,0,0,13,35,86,208,357,492,290,171,116,85,62,48,73,46,61,62,71,47,46,57,56,74,91,119,139,170,124,86,53,43,52,35,32,24,13,0
250,万源街,116.5,39.8028,0,0,0,0,0,0,0,0,0,0,0,1,5,30,52,118,216,268,191,176,122,123,110,114,103,115,115,130,120,140,120,108,115,134,230,475,630,537,396,233,146,83,87,98,84,59,19,2
251,荣京东街,116.5087,39.7924,0,0,0,0,0,0,0,0,0,0,0,1,2,17,31,105,193,274,182,117,121,78,76,86,75,106,111,109,87,84,103,111,122,159,369,472,642,611,483,298,154,115,75,55,55,27,9,2
252,荣昌东街,116.5175,39.7821,0,0,0,0,0,0,0,0,0,0,0,0,9,50,135,319,581,646,447,274,202,162,147,152,133,147,162,145,151,165,171,194,167,207,343,501,747,732,464,255,159,102,95,70,64,30,10,0
253,同济南路,116.5357,39.7719,0,0,0,0,0,0,0,0,0,0,0,0,36,121,329,692,1435,1312,796,493,300,279,232,202,223,204,200,221,177,216,182,158,166,197,303,448,585,552,458,278,206,114,133,94,76,39,19,1
254,经海路,116.5595,39.784,0,0,0,0,0,0,0,0,0,0,0,2,9,51,130,229,377,478,292,213,147,105,92,76,88,82,79,96,74,82,54,83,81,94,157,368,446,487,324,151,98,72,54,37,43,29,10,1
255,次渠南,116.577,39.794,0,0,0,0,0,0,0,0,0,0,0,1,1,6,44,57,94,68,43,15,11,10,5,6,6,4,5,7,7,4,3,9,3,9,7,9,4,8,1,8,2,0,1,0,0,0,0,0
256,次渠,116.5857,39.8025,0,0,0,0,0,0,0,0,0,0,0,4,10,39,125,288,479,485,244,140,88,82,54,66,51,49,43,50,59,51,35,60,29,28,57,61,102,53,54,45,20,15,22,11,7,10,3,0
257,高碑店,116.5265,39.9085,1,0,0,0,0,0,0,0,0,0,0,1,9,41,67,148,246,315,198,151,102,82,68,106,116,108,102,103,85,102,103,103,115,119,158,281,493,805,623,311,155,119,101,89,63,115,102,24
258,传媒大学,116.5494,39.9091,1,0,0,0,0,0,0,0,0,0,0,0,49,222,372,874,1573,2006,1261,916,527,331,272,357,516,381,256,260,218,218,178,167,192,174,213,246,314,286,293,184,144,91,116,161,132,57,36,11
259,双桥,116.5716,39.9099,1,0,0,0,0,0,0,0,0,0,0,2,70,232,492,1038,1911,2175,1568,908,546,326,276,221,235,226,264,269,206,239,200,192,196,217,248,317,446,586,443,388,206,192,149,132,126,94,46,16
260,管庄,116.5936,39.9092,0,0,0,0,0,0,0,0,0,0,0,3,61,208,445,932,1762,2061,1322,806,473,312,244,201,158,197,202,204,201,190,162,149,138,158,173,234,323,338,239,155,106,113,94,64,66,39,41,9
261,八里桥,116.6138,39.9063,0,0,0,0,0,0,0,0,0,0,0,0,13,54,126,294,616,905,554,301,150,78,69,54,30,36,53,36,39,30,37,21,27,32,32,44,45,56,44,34,14,22,16,10,11,4,1,1
262,通州北苑,116.6319,39.9038,0,0,0,0,0,0,0,0,0,0,0,5,27,95,329,744,1311,1817,1264,777,461,323,236,219,189,201,214,193,200,159,164,142,138,163,181,212,262,284,204,158,151,110,125,137,129,88,42,7
263,果园,116.6408,39.8933,0,0,0,0,0,0,0,0,0,0,0,4,22,111,337,915,1980,2504,1626,941,513,289,188,183,114,136,129,143,116,129,90,80,81,82,75,116,131,106,93,71,49,50,48,53,28,30,19,4
264,九棵树,116.6519,39.89,0,0,0,0,0,0,0,0,0,0,0,2,16,71,174,459,1033,1299,826,512,273,193,157,139,146,160,154,166,128,120,146,124,112,118,130,183,223,238,193,139,111,140,84,76,86,50,20,3
265,梨园,116.6635,39.8834,0,0,0,0,0,0,0,0,0,0,1,12,51,177,526,1197,2133,2807,1765,1117,596,405,323,252,246,254,248,248,235,224,183,203,206,176,191,236,221,233,169,141,93,82,73,88,59,51,36,4
266,临河里,116.6737,39.8755,0,0,0,0,0,0,0,0,0,0,0,6,29,106,239,486,1037,1442,835,395,219,159,102,92,84,82,77,82,90,54,44,49,31,62,46,67,77,55,47,25,41,31,26,22,9,14,10,2
267,土桥,116.681,39.8718,0,0,0,0,0,0,0,0,0,0,0,16,51,193,628,1417,2637,3329,1876,1073,566,432,343,252,207,214,251,220,218,194,184,149,172,166,206,228,236,217,161,136,85,55,48,54,34,23,12,1
