1,苹果园,116.1726,39.921,1,0,0,0,0,0,0,0,0,21,71,212,348,432,551,613,678,753,754,759,638,584,577,594,601,626,641,673,750,869,995,1063,1162,1184,1275,1286,1164,932,774,737,739,698,689,546,704,230,73,15
2,古城路,116.1844,39.9041,0,0,0,0,0,0,0,0,0,4,23,47,96,156,192,203,239,284,294,246,307,254,262,270,263,273,304,313,311,369,392,456,461,558,633,651,622,504,492,441,430,451,418,408,340,137,26,4
3,八角游乐园,116.208,39.9046,0,0,0,0,0,0,0,0,0,5,29,31,101,194,237,312,367,346,384,411,412,370,389,339,349,358,337,342,379,390,373,436,504,532,639,541,610,425,404,369,365,339,365,317,309,110,23,3
4,八宝山,116.2307,39.9047,0,0,0,1,0,0,0,0,0,0,27,63,89,194,257,279,320,372,390,330,342,341,276,285,272,291,342,356,371,407,464,445,569,547,662,608,561,492,384,320,349,368,388,330,243,97,33,3
5,玉泉路,116.2483,39.905,1,0,0,0,0,0,0,0,0,3,24,56,114,246,366,479,403,416,423,468,430,421,376,396,432,444,433,420,450,517,566,594,648,752,795,709,760,597,520,426,451,531,517,436,300,143,28,4
6,五棵松,116.2692,39.9053,0,0,0,0,0,0,0,0,0,6,25,88,198,380,555,642,683,700,621,601,561,552,469,477,461,610,647,626,642,595,586,539,629,643,575,603,537,475,386,339,394,323,327,304,228,126,21,3
7,万寿路,116.2899,39.9054,0,0,0,0,0,0,0,0,0,1,16,28,83,174,295,395,471,481,403,413,438,461,463,343,434,381,360,408,405,398,417,432,491,567,609,523,479,354,267,284,270,238,262,215,196,82,17,3
8,公主坟,116.3052,39.9054,0,0,0,0,0,0,0,0,0,3,8,42,122,259,425,530,559,431,460,398,460,421,381,380,413,387,382,360,390,377,337,359,373,447,413,362,237,202,186,141,154,138,124,89,64,69,13,2
9,军事博物馆,116.3163,39.9057,0,0,0,0,0,0,0,0,0,1,10,54,96,226,291,409,422,416,365,356,346,321,293,304,304,298,329,329,306,270,261,260,292,297,343,291,267,191,157,134,142,140,153,148,107,66,16,0
10,木樨地,116.3306,39.9059,0,0,0,0,0,0,0,0,0,1,12,50,84,171,271,292,264,293,287,289,269,234,273,213,221,195,211,213,239,198,187,180,226,230,264,273,213,169,136,144,146,158,147,129,119,45,5,0
11,南礼士路,116.3471,39.9053,0,0,0,0,0,0,0,0,0,1,22,55,106,255,353,439,472,384,356,403,333,342,307,277,276,320,312,338,312,314,292,306,317,271,296,290,295,201,182,202,176,170,139,131,125,51,6,0
12,复兴门,116.3529,39.9054,0,0,0,0,0,0,0,0,0,0,20,54,129,238,358,432,635,650,516,391,368,346,358,279,290,294,307,343,378,256,268,220,283,270,249,289,211,157,118,117,101,93,100,77,47,36,13,0
13,西单,116.3679,39.9053,0,0,0,0,0,0,0,0,0,1,23,41,113,270,512,970,1578,1504,2268,3129,3652,4009,3862,3648,3681,3741,3918,4062,3817,3695,3216,2758,2566,2430,2135,2046,1597,1188,741,484,294,214,184,160,108,59,18,1
14,天安门西,116.3866,39.9058,0,0,0,0,0,0,0,0,0,4,30,72,57,116,157,166,266,398,544,591,496,362,331,307,304,277,335,317,310,262,231,160,208,182,210,366,739,612,137,63,28,39,30,28,16,9,1,0
15,天安门东,116.3981,39.9062,0,0,0,0,0,0,0,0,0,4,51,102,102,140,228,354,515,716,890,1120,1010,784,650,582,685,628,621,658,524,432,314,225,264,195,151,112,120,112,116,59,58,51,50,48,38,24,2,0
16,王府井,116.4074,39.9066,0,0,0,0,0,0,0,0,0,1,16,34,94,198,300,529,833,900,905,1086,1278,1317,1189,1175,1152,1053,1151,1102,1164,1073,997,980,942,945,883,797,738,516,407,274,212,113,99,77,40,28,4,0
17,东单,116.4122,39.9065,0,0,0,0,0,0,0,0,0,6,20,84,169,405,541,567,616,623,661,720,621,617,495,470,457,469,564,586,591,554,457,435,413,437,356,402,305,268,182,136,98,116,99,85,50,52,9,0
18,建国门,116.431,39.907,0,0,0,0,0,0,0,0,0,2,28,52,96,187,294,494,536,520,515,375,331,259,299,273,274,317,362,341,293,239,216,197,213,227,277,194,172,171,167,96,137,121,114,94,95,58,22,0
19,永安里,116.4456,39.9079,0,0,0,0,0,0,0,0,0,1,6,35,79,167,260,616,1014,824,681,595,434,408,326,353,397,366,422,420,403,352,332,348,315,310,329,275,277,187,162,124,123,97,113,101,78,36,3,0
20,国贸,116.4562,39.9072,0,0,0,0,0,0,0,0,0,14,67,160,276,575,901,1568,1951,1952,1793,1480,1444,1374,1203,1174,1372,1416,1624,1628,1439,1379,1432,1408,1446,1375,1544,1307,1242,960,807,636,533,392,296,213,152,119,30,0
21,大望路,116.4727,39.9071,0,0,0,0,0,0,0,0,0,14,110,181,292,563,931,1427,1718,1498,1238,1310,1154,1055,981,999,1144,1159,1220,1169,1228,1267,1172,1219,1323,1227,1299,1317,1238,888,838,623,685,597,604,484,358,160,22,1
22,四惠,116.4904,39.9079,0,0,0,0,0,0,0,0,0,17,73,145,267,399,619,771,871,745,673,611,588,571,483,506,540,559,605,589,620,631,646,613,600,724,754,683,676,564,474,416,441,456,413,350,299,130,24,0
23,四惠东,116.5097,39.9085,0,0,0,0,0,0,0,0,0,2,10,33,44,98,211,401,436,339,349,310,286,211,257,246,313,279,334,304,279,321,356,340,403,442,465,474,450,398,379,332,343,357,391,373,328,183,87,4
24,西直门,116.3489,39.9391,0,0,0,0,0,0,0,0,0,15,93,209,421,785,1206,1643,1781,1561,1515,1523,1503,1434,1426,1477,1403,1281,1309,1196,1349,1271,1244,1375,1568,1702,1796,1754,1545,1203,914,851,770,760,787,584,538,297,33,2
25,车公庄,116.35,39.9316,0,0,0,0,0,0,0,0,0,1,10,41,78,200,368,615,707,540,500,440,452,422,354,326,331,385,334,354,340,363,322,316,374,373,404,376,375,276,226,176,185,181,205,204,139,60,16,0
26,阜成门,116.3503,39.9228,0,0,0,0,0,0,0,0,0,6,32,82,191,527,691,863,775,651,653,622,568,488,517,467,552,558,500,518,476,476,437,401,522,476,465,471,360,308,303,224,283,236,234,228,150,40,1,0
27,长椿街,116.3578,39.8977,0,0,0,0,0,0,0,0,0,5,25,56,139,240,303,440,447,408,453,415,404,387,372,329,387,331,367,354,341,443,452,469,538,582,569,565,522,395,415,373,347,342,352,342,243,59,4,0
28,宣武门,116.3692,39.8983,0,0,0,0,0,0,0,0,0,3,10,38,104,207,368,594,691,533,407,379,327,307,317,315,355,362,392,414,399,381,369,396,407,433,435,437,411,278,263,221,160,204,212,191,159,93,11,0
29,和平门,116.3789,39.8986,0,0,0,0,0,0,0,0,0,2,2,11,26,99,159,170,222,206,186,207,224,190,215,168,164,192,205,172,171,200,178,207,205,204,234,233,248,139,140,114,115,118,153,93,91,24,0,0
30,前门,116.3928,39.8994,0,0,0,0,0,0,0,0,0,9,69,103,160,293,339,439,478,577,688,800,800,738,633,644,597,664,624,608,575,595,533,524,555,562,574,538,393,355,314,265,251,213,164,176,146,37,0,0
31,崇文门,116.412,39.9005,0,0,0,0,0,0,0,0,0,8,36,106,192,500,712,994,1068,1119,1203,1263,1439,1411,1288,1199,1223,1294,1212,1248,1268,1232,1153,1078,1163,1144,1193,1009,948,691,534,399,357,330,281,264,242,92,9,0
32,北京站,116.4212,39.9041,0,0,0,0,0,0,0,0,0,39,333,691,806,946,1063,1207,1219,1212,1387,1288,1193,1160,1367,1292,1352,1168,1090,1158,1110,1013,929,953,994,999,1144,1071,965,784,838,810,835,720,668,517,283,63,4,1
33,朝阳门,116.429,39.9225,0,0,0,0,0,0,0,0,0,0,14,53,124,339,568,1110,1416,1113,1079,840,774,863,828,723,804,808,879,796,779,722,703,593,684,687,702,656,516,448,371,298,281,232,260,209,210,100,21,0
34,东四十条,116.4281,39.9317,0,0,0,0,0,0,0,0,0,3,19,50,101,359,555,821,872,672,672,609,461,448,425,363,402,417,483,403,401,374,322,387,405,431,468,505,499,379,262,212,228,180,218,179,143,52,3,0
35,东直门,116.4272,39.9392,0,0,0,0,0,0,0,0,0,80,285,549,828,1103,1304,1655,1898,1903,1877,1818,1866,1668,1760,1635,1769,1716,1748,1771,1871,1845,1951,2054,2284,2259,2378,2206,2009,1508,1085,794,662,603,555,363,338,166,19,0
36,雍和宫,116.4106,39.9481,0,0,0,0,0,0,0,0,0,0,13,29,59,130,295,557,784,913,1016,1059,937,915,674,550,535,588,528,572,550,473,378,367,376,352,342,353,314,193,200,159,178,191,189,144,119,60,11,0
37,安定门,116.4022,39.9479,0,0,0,0,0,0,0,0,0,8,22,32,66,128,235,320,317,285,307,245,308,271,251,257,299,250,263,262,272,273,282,296,358,385,403,441,376,262,279,209,199,208,228,197,128,44,6,0
38,鼓楼大街,116.3893,39.9477,0,0,0,0,0,0,0,0,0,2,12,31,88,224,289,298,341,280,256,292,288,304,310,322,344,376,409,280,301,288,352,364,419,457,489,478,419,366,317,260,283,273,256,231,176,80,13,0
39,积水潭,116.3666,39.9473,0,0,0,0,0,0,0,0,0,30,156,295,429,730,1046,1358,1337,1136,1172,1134,1156,988,994,853,948,937,997,992,1096,1114,1173,1119,1219,1161,1292,1189,1039,817,744,637,606,454,495,350,191,137,38,0
40,安河桥北,116.264,40.0101,0,0,0,0,0,0,0,0,0,4,29,31,64,95,115,205,192,200,217,197,242,232,220,251,232,257,278,284,289,377,394,403,445,536,528,506,498,402,309,300,269,274,290,250,168,55,12,0
41,北宫门,116.2713,39.9999,0,0,0,0,0,0,0,0,0,17,66,123,207,336,432,404,458,601,680,736,639,505,483,477,385,451,515,468,392,480,452,461,434,510,554,482,541,457,472,388,392,343,379,246,182,60,13,0
42,西苑,116.2859,39.9958,0,0,0,0,0,0,0,0,0,3,33,80,130,208,248,310,246,255,270,235,238,262,239,213,289,249,268,268,331,386,415,426,513,525,580,567,593,487,447,429,400,377,399,335,225,103,8,1
43,圆明园,116.3042,39.9972,0,0,0,0,0,0,0,0,0,3,7,13,31,62,66,103,95,191,176,227,248,249,216,226,202,256,263,266,241,235,230,230,253,268,245,270,235,176,172,146,160,161,203,177,123,65,6,2
44,北京大学东门,116.3095,39.9894,0,0,0,0,0,0,0,0,0,4,10,28,56,138,274,413,415,410,418,425,367,354,356,327,372,379,469,388,358,391,336,319,344,403,337,329,243,225,236,177,196,244,263,230,136,83,8,4
45,中关村,116.3099,39.9833,0,0,0,0,0,0,0,0,0,1,13,49,105,212,495,862,1017,1115,1052,1051,845,831,746,689,721,830,802,799,702,695,621,633,510,548,429,417,339,238,196,170,161,138,158,132,66,39,5,0
46,海淀黄庄,116.3105,39.974,0,0,0,0,0,0,0,0,0,6,21,72,149,360,851,1288,1343,1291,1248,1126,1033,1068,1050,1061,1160,1191,1062,965,947,938,916,834,1011,1007,1081,957,757,571,422,341,288,302,250,175,203,137,22,4
47,人民大学,116.3151,39.965,0,0,0,0,0,0,0,0,0,4,15,22,92,227,563,949,1364,903,730,599,593,598,620,543,710,632,586,627,586,553,520,535,648,622,622,548,453,433,322,292,284,313,327,271,215,93,11,1
48,魏公村,116.3167,39.955,0,0,0,0,0,0,0,0,0,3,26,88,127,306,583,806,905,631,579,543,485,452,524,518,585,561,505,460,482,466,455,486,618,630,641,663,571,439,388,436,375,393,415,388,250,89,5,7
49,国家图书馆,116.3187,39.9412,0,0,0,0,0,0,0,0,0,2,8,31,85,185,335,454,514,491,538,489,478,393,400,379,403,453,475,466,448,390,442,323,343,322,359,350,309,206,172,155,154,162,177,152,118,80,3,4
50,动物园,116.334,39.9364,0,0,0,0,0,0,0,0,0,10,173,453,384,379,501,683,754,990,1269,1651,1775,1527,1398,1284,1116,1114,1148,896,887,669,511,319,262,230,210,226,207,156,104,86,76,58,82,48,40,20,0,0
51,新街口,116.3613,39.9391,0,0,0,0,0,0,0,0,0,1,1,13,42,144,235,299,343,272,220,224,205,183,194,201,215,204,185,206,211,210,213,195,229,248,291,268,229,170,141,155,135,151,173,121,118,38,9,0
52,平安里,116.3666,39.9317,0,0,0,0,0,0,0,0,0,0,12,37,81,262,475,428,452,421,349,388,350,346,414,350,372,335,333,339,316,378,309,374,396,478,508,457,402,316,249,204,211,183,230,184,144,84,24,0
53,西四,116.3672,39.9228,0,0,0,0,0,0,0,0,0,0,7,21,78,224,342,457,392,321,354,319,230,242,211,195,277,232,251,225,223,243,195,201,242,228,275,336,319,232,108,101,105,106,117,86,63,24,0,0
54,灵境胡同,116.3675,39.9148,0,0,0,0,0,0,0,0,0,1,4,15,47,117,243,374,455,421,346,358,451,425,424,383,381,325,347,332,342,329,277,317,364,349,348,325,249,173,167,117,107,92,83,75,64,29,3,0
55,菜市口,116.3682,39.8879,0,0,0,0,0,0,0,0,0,4,7,26,38,102,153,304,319,292,292,331,285,254,266,210,258,260,286,248,241,256,256,316,286,365,358,330,240,204,193,162,167,153,189,192,170,96,16,0
56,陶然亭,116.3684,39.877,0,0,0,0,0,0,0,0,0,1,10,41,87,224,396,479,544,482,473,494,416,394,384,342,428,396,448,374,437,418,449,548,543,599,666,626,507,443,386,357,353,403,427,357,324,116,14,0
57,北京南站,116.3733,39.8633,0,0,0,0,0,0,0,0,0,16,245,658,1204,1692,1888,1891,2079,2033,2030,1723,1777,1638,1478,1412,1488,1443,1416,1425,1384,1247,1286,1161,1238,1169,1188,1242,1174,1036,831,682,674,446,393,358,244,62,6,0
58,马家堡,116.3657,39.8518,1,0,0,0,0,0,0,0,0,3,7,23,40,97,169,228,233,265,260,271,278,287,232,255,263,284,275,267,340,348,359,340,401,403,493,469,433,346,288,276,267,311,344,268,275,102,11,0
59,角门西,116.3657,39.8445,0,0,0,0,0,0,0,0,0,1,17,38,42,120,229,315,365,327,390,353,444,437,448,398,404,464,386,402,427,464,532,576,682,657,741,665,654,579,462,410,463,436,479,394,351,185,21,0
60,公益西桥,116.3658,39.834,0,0,0,0,0,0,0,0,0,0,10,30,76,130,282,384,418,454,431,402,401,416,353,345,410,422,451,481,420,519,486,520,571,612,658,704,634,518,492,371,391,389,411,336,329,237,34,0
61,天通苑北,116.4057,40.0815,0,0,0,0,0,0,0,0,0,31,116,170,170,212,330,380,421,480,540,578,609,612,524,523,598,771,663,761,803,895,940,962,1252,1253,1481,1506,1707,1429,1261,973,946,918,905,764,651,197,56,7
62,天通苑,116.4057,40.0732,0,0,0,0,0,0,0,0,0,11,66,69,116,147,203,287,380,459,585,583,597,613,554,571,589,526,651,654,695,766,780,928,1061,1193,1359,1366,1633,1360,1354,1127,1120,1082,1111,939,821,326,99,13
63,天通苑南,116.4057,40.0645,0,0,0,0,0,0,0,0,0,4,10,20,34,63,117,181,187,205,193,227,241,239,234,260,241,241,234,231,313,289,332,389,387,419,527,502,448,490,352,315,277,294,280,273,175,76,35,0
64,立水桥,116.4048,40.0508,0,0,0,0,0,0,0,0,0,11,26,43,93,128,237,333,445,489,620,616,652,645,692,636,666,697,653,712,845,817,844,990,992,1146,1215,1190,1262,1012,847,739,677,641,746,579,406,155,37,4
65,立水桥南,116.4075,40.0405,0,0,0,0,0,0,0,0,0,5,6,16,24,69,140,195,230,239,261,266,261,229,214,205,232,227,206,227,264,291,318,313,368,354,433,426,410,352,335,294,301,272,318,286,208,84,13,3
66,北苑路北,116.4112,40.0289,0,0,0,0,0,0,0,0,0,1,13,40,84,184,335,467,502,535,503,404,355,339,312,292,292,291,291,322,334,331,350,324,398,426,442,471,445,352,293,290,259,225,292,208,150,79,11,1
67,大屯路东,116.4101,40.0026,0,0,0,0,0,0,0,0,0,7,18,42,138,234,416,568,655,647,605,593,465,443,436,386,416,469,428,420,368,428,396,424,455,477,512,512,464,381,298,271,255,260,263,247,179,94,9,0
68,惠新西街北口,116.4104,39.9868,0,0,0,0,0,0,0,0,0,3,18,46,166,422,769,856,819,724,605,530,469,437,439,427,477,513,484,422,437,418,465,454,433,527,584,552,499,379,324,285,311,336,330,337,244,113,13,0
69,惠新西街南口,116.4107,39.9758,0,0,0,0,0,0,0,0,0,3,11,67,217,561,635,509,519,367,353,275,348,359,329,281,340,358,393,371,341,318,357,324,410,472,546,452,443,370,345,316,302,281,327,258,251,139,26,3
70,和平西桥,116.4113,39.9676,0,0,0,0,0,0,0,0,0,6,28,57,90,174,385,564,514,364,327,331,301,292,291,286,334,326,324,315,323,354,327,378,445,436,480,445,390,348,310,230,274,266,330,281,197,88,9,1
71,和平里北街,116.4119,39.9579,0,0,0,0,0,0,0,0,0,2,13,26,81,167,233,257,302,254,235,216,231,203,202,220,199,205,225,208,197,181,263,265,325,308,353,323,309,262,192,165,174,154,206,173,123,59,7,0
72,北新桥,116.4105,39.9395,1,0,0,0,0,0,0,0,0,0,6,10,47,152,265,276,306,263,248,252,305,356,355,366,355,302,277,276,227,247,306,337,453,564,598,635,531,374,274,218,191,209,185,143,113,66,1,0
73,张自忠路,116.4108,39.9321,0,0,0,0,0,0,0,0,0,2,8,14,53,105,141,173,167,175,188,198,166,151,177,127,173,172,143,147,151,157,161,156,204,218,273,184,200,133,139,100,111,125,114,102,73,31,4,0
74,东四,116.4128,39.9232,0,0,0,0,0,0,0,0,0,2,5,28,108,209,379,487,511,443,432,397,362,389,360,386,401,379,365,340,352,324,327,363,408,426,438,412,369,310,234,217,170,164,155,171,117,75,19,0
75,灯市口,116.4117,39.9148,0,0,0,0,0,0,0,0,0,6,21,63,113,235,365,460,562,506,505,412,400,382,326,355,309,351,405,370,322,274,235,247,211,266,292,263,205,152,128,115,122,100,96,60,46,26,1,0
76,磁器口,116.4128,39.8918,0,0,0,0,0,0,0,0,0,1,14,41,115,226,255,360,416,307,348,329,360,280,239,254,282,277,258,324,334,286,276,247,299,298,314,248,216,196,171,162,168,171,129,115,111,82,19,0
77,天坛东门,116.4148,39.8815,0,0,0,0,0,0,0,0,0,1,12,28,67,155,250,306,396,431,463,483,436,430,326,333,333,393,350,418,392,378,323,297,287,293,288,282,222,178,174,149,172,155,182,149,121,51,6,0
78,蒲黄榆,116.4158,39.8644,0,0,0,0,0,0,0,0,0,2,13,35,66,186,242,366,439,399,438,453,432,484,411,449,444,480,496,514,538,552,627,610,708,822,900,860,837,698,530,493,536,522,548,547,401,176,27,0
79,刘家窑,116.4166,39.8557,0,0,0,0,0,0,0,0,0,8,37,90,136,256,424,546,536,548,546,576,558,472,514,499,522,446,426,489,476,430,490,545,635,676,734,737,648,544,468,450,496,435,476,427,331,169,19,0
80,宋家庄,116.4231,39.8448,0,0,0,0,0,0,0,0,0,7,34,46,97,195,348,505,557,531,556,547,560,533,552,551,558,537,538,533,669,731,727,847,901,965,1156,1252,1162,997,792,732,833,705,827,724,738,430,74,0
81,海淀五路居,116.27,39.9307,1,0,0,0,0,0,0,0,0,5,30,55,128,243,439,563,620,472,450,413,403,392,382,357,366,426,448,463,473,529,472,582,702,652,784,733,764,571,549,536,521,462,524,434,337,100,33,0
82,慈寿寺,116.2894,39.9309,0,0,0,0,0,0,0,0,0,0,3,15,23,64,87,92,117,101,94,111,129,114,101,119,124,103,119,127,129,131,181,156,195,228,211,248,189,175,173,163,158,153,156,144,113,51,7,0
83,花园桥,116.3052,39.931,0,0,0,0,0,0,0,0,0,0,13,41,85,256,536,598,531,398,390,377,300,315,275,286,336,279,286,322,303,309,334,308,298,351,390,312,321,223,238,210,300,296,246,197,190,44,9,1
84,白石桥南,116.3205,39.9312,1,0,0,0,0,0,0,0,0,2,7,15,56,126,202,289,326,290,300,244,283,263,206,212,235,180,195,205,218,200,235,248,252,304,356,316,278,245,193,190,191,189,202,174,153,68,13,1
85,车公庄西,116.3387,39.9313,0,0,0,0,0,0,0,0,0,0,14,40,50,90,197,372,376,280,238,178,170,194,180,151,154,163,164,152,166,153,167,152,165,202,216,231,178,154,121,107,141,115,116,98,95,44,9,2
86,北海北,116.3801,39.9313,0,0,0,0,0,0,0,0,0,1,4,19,40,144,263,358,340,266,368,343,364,405,309,316,308,337,320,332,374,308,259,214,214,270,239,232,136,122,106,108,80,84,99,74,46,20,5,1
87,南锣鼓巷,116.3982,39.9315,0,0,0,0,0,0,0,0,0,3,4,42,76,165,330,346,440,460,682,891,1045,1016,1016,1003,1069,1134,998,1060,1059,1010,965,953,880,923,936,796,703,534,501,404,271,236,167,106,117,66,11,0
88,东大桥,116.444,39.9222,0,0,0,0,0,0,0,0,0,1,23,62,142,320,522,668,888,779,843,699,749,647,576,473,533,562,626,621,606,563,595,499,528,559,573,504,514,364,285,226,200,125,184,132,119,47,15,0
89,呼家楼,116.4555,39.9223,0,0,0,0,0,0,0,0,0,2,12,50,89,165,403,666,710,573,396,379,289,347,294,332,317,345,368,339,310,296,342,269,340,402,407,390,321,250,248,199,186,213,210,188,156,154,36,0
90,金台路,116.4716,39.9218,0,0,0,0,0,0,0,0,0,0,11,43,104,249,405,457,484,399,472,385,395,385,410,366,375,405,351,365,424,374,441,439,507,596,594,570,494,465,418,350,359,356,410,333,294,141,27,0
91,十里堡,116.496,39.9215,0,0,0,0,0,0,0,0,0,3,16,36,76,149,270,383,417,371,362,401,385,360,392,371,430,405,401,436,436,449,487,519,619,663,699,741,709,541,542,513,516,529,516,460,443,189,43,2
92,青年路,116.5119,39.9217,0,0,0,0,0,0,0,0,0,1,16,46,74,173,318,523,625,685,700,831,914,983,959,789,812,831,825,851,919,901,934,1061,1074,1176,1337,1383,1111,930,786,610,607,518,544,400,403,157,41,4
93,褡裢坡,116.558,39.9236,0,0,0,0,0,0,0,0,0,2,13,32,38,70,140,142,150,170,158,186,203,204,201,204,208,235,234,322,319,299,355,388,437,531,537,567,580,546,463,464,445,467,450,388,380,136,39,3
94,黄渠,116.573,39.9241,0,0,0,0,0,0,0,0,0,2,3,16,27,61,89,113,171,140,178,180,204,222,162,175,218,195,230,232,240,281,280,350,437,455,415,556,509,401,411,381,359,372,429,347,298,98,23,6
95,常营,116.5941,39.9255,0,0,0,0,0,0,0,0,0,1,11,22,60,111,159,249,315,329,343,325,373,386,374,383,357,335,355,393,423,435,462,525,623,665,711,646,627,571,522,409,441,378,396,328,257,131,39,9
96,草房,116.6108,39.9241,0,0,0,0,0,0,0,0,0,14,45,48,105,145,226,296,339,388,454,490,455,412,379,401,450,429,530,557,558,621,641,681,792,870,983,1031,1080,917,761,710,603,554,613,539,437,191,96,18
97,物资学院路,116.6326,39.9257,0,0,0,0,0,0,0,0,0,2,14,31,36,74,96,93,133,121,156,166,163,175,152,139,170,183,204,216,234,264,307,321,331,413,387,414,445,333,299,287,285,291,283,199,212,51,5,0
98,通州北关,116.6516,39.9236,0,0,0,0,0,0,0,0,0,1,13,15,13,19,36,45,39,59,58,49,90,69,54,45,54,45,66,73,76,62,83,101,115,110,86,93,91,63,70,68,56,62,56,50,26,12,1,0
99,北运河西,116.6675,39.9112,0,0,0,0,0,0,0,0,0,3,2,11,14,24,42,67,59,115,95,133,115,106,75,82,108,92,118,115,139,188,183,201,227,245,275,287,215,199,168,140,169,158,125,106,79,30,4,0
100,郝家府,116.6804,39.9037,0,0,0,0,0,0,0,0,0,0,2,4,4,6,10,13,10,12,9,14,18,17,16,19,8,11,14,25,17,23,16,28,30,34,23,39,35,23,25,29,19,14,14,5,13,7,3,0
101,东夏园,116.7164,39.9039,0,0,0,0,0,0,0,0,0,2,2,5,2,8,7,14,15,18,20,23,24,21,20,16,21,22,26,36,27,36,39,22,62,41,37,51,37,30,25,28,16,24,27,27,20,5,0,0
102,潞城,116.7472,39.9033,0,0,0,0,0,0,0,0,0,0,5,9,13,18,31,35,64,88,63,59,43,51,33,38,45,51,40,46,53,62,49,55,77,65,70,81,68,57,38,35,33,26,32,43,31,5,1,0
103,北京西站,116.3153,39.8925,0,0,0,0,0,0,0,0,0,28,253,839,1225,1599,1593,1784,1868,1829,1791,1681,1615,1556,1615,1506,1541,1454,1504,1481,1272,1187,1205,1225,1307,1182,1159,1239,1166,1001,901,795,720,648,513,372,202,75,11,1
104,湾子,116.3225,39.888,0,0,0,0,0,0,0,0,0,2,6,7,24,70,116,191,169,145,157,148,169,154,136,144,154,148,193,181,186,198,173,171,221,227,283,239,190,199,192,183,139,165,162,159,72,19,0,0
105,达官营,116.3314,39.8879,0,0,0,0,0,0,0,0,0,0,4,12,35,62,98,140,171,159,166,207,193,180,218,190,234,220,230,216,233,225,306,312,359,410,459,486,421,325,276,263,284,307,339,299,181,33,1,0
106,广安门内,116.3534,39.8873,0,0,0,0,0,0,0,0,0,4,14,30,74,151,326,348,323,323,335,324,310,306,248,227,270,281,235,280,242,321,285,267,336,309,342,312,245,203,206,145,151,138,148,104,81,20,2,0
107,虎坊桥,116.3794,39.8877,0,0,0,0,0,0,0,0,0,1,3,6,22,50,67,101,130,148,120,121,118,141,113,86,106,89,117,113,109,99,91,99,121,128,157,176,131,93,66,58,48,77,57,72,37,15,2,0
108,珠市口,116.3932,39.8894,0,0,0,0,0,0,0,0,0,0,1,9,25,53,65,133,149,128,143,152,130,149,109,91,113,115,121,104,125,100,109,110,112,120,125,111,91,97,44,48,58,42,49,48,30,11,4,0
109,桥湾,116.4012,39.8909,0,0,0,0,0,0,0,0,0,0,1,4,8,22,50,62,81,49,64,64,48,49,49,59,68,71,68,54,69,62,68,44,87,97,111,87,89,68,61,56,57,60,57,47,32,8,1,0
110,广渠门内,116.4231,39.8926,0,0,0,0,0,0,0,0,0,0,3,11,37,76,143,238,200,191,181,185,170,186,150,159,183,186,232,181,179,192,178,180,211,231,299,268,210,162,141,126,144,147,149,167,114,46,8,0
111,广渠门外,116.4336,39.8926,0,0,0,0,0,0,0,0,0,0,3,9,18,36,69,73,98,130,121,120,118,118,70,118,103,131,119,118,89,118,135,161,143,163,175,177,156,144,111,103,129,108,123,89,102,30,8,0
112,九龙山,116.4734,39.8923,0,0,0,0,0,0,0,0,0,0,4,11,22,50,80,118,121,116,137,120,143,112,143,114,114,109,139,102,125,125,92,157,155,160,165,142,127,110,88,94,80,61,76,60,64,23,6,1
113,大郊亭,116.4833,39.8922,0,0,0,0,0,0,0,0,0,0,1,6,24,37,84,124,124,111,99,78,79,79,77,70,88,77,96,87,104,71,73,69,88,75,86,53,67,52,54,42,25,29,40,36,21,7,6,0
114,百子湾,116.4895,39.8923,0,0,0,0,0,0,0,0,0,0,12,17,32,44,82,118,152,122,124,104,95,122,105,88,108,89,112,100,105,128,108,134,139,157,185,189,171,134,132,132,119,114,118,135,95,33,10,0
115,化工,116.4982,39.887,0,0,0,0,0,0,0,0,0,1,0,1,2,4,5,16,10,39,2,5,4,6,5,3,3,4,2,2,6,2,6,6,9,4,6,10,9,4,4,0,2,2,6,5,6,0,3,0
116,南楼梓庄,116.4967,39.8739,0,0,0,0,0,0,0,0,0,0,7,9,19,30,58,60,72,94,88,100,91,95,74,64,70,78,75,79,61,79,76,78,118,116,103,106,80,82,66,58,56,66,51,53,32,11,1,1
117,欢乐谷景区,116.495,39.8686,0,0,0,0,0,0,0,0,0,0,11,13,66,73,73,139,225,241,278,258,258,226,167,148,139,147,141,116,148,143,195,187,234,184,224,210,183,160,157,135,114,141,125,112,84,31,4,0
118,双合,116.524,39.8582,0,0,0,0,0,0,0,0,0,0,2,2,9,14,20,26,36,24,56,33,66,65,41,36,55,49,64,56,75,80,80,112,97,119,146,150,124,99,99,78,88,80,84,57,57,20,18,0
119,焦化厂,116.5352,39.8529,0,0,0,0,0,0,0,0,0,0,10,9,17,29,45,46,29,44,37,53,51,56,43,40,40,66,57,47,75,64,75,82,74,103,91,80,81,60,59,60,44,40,59,48,38,6,3,0
120,朱辛庄,116.3062,40.1024,0,0,0,0,0,0,0,0,0,1,21,28,33,70,95,108,121,111,145,122,147,132,157,141,181,190,196,184,220,263,267,329,355,372,472,464,483,415,385,349,351,371,342,268,216,72,10,0
121,育知路,116.3214,40.0889,0,0,0,0,0,0,0,0,0,1,3,18,34,56,55,78,76,84,90,108,121,94,109,76,93,111,118,147,140,126,161,163,133,158,151,180,181,149,148,144,147,146,139,125,63,29,5,0
122,平西府,116.3441,40.088,0,0,0,0,0,0,0,0,0,2,4,7,15,18,26,28,40,50,37,48,54,60,56,63,58,57,72,60,78,85,94,125,125,183,155,137,124,127,134,111,119,107,111,108,57,16,1,0
123,回龙观东大街,116.3566,40.0797,0,0,0,0,0,0,0,0,0,3,12,11,27,64,94,143,212,183,230,227,257,285,258,258,299,262,307,280,290,412,419,485,534,574,665,662,678,617,572,458,475,474,433,356,240,54,3,0
124,霍营,116.3515,40.0694,0,0,0,0,0,0,0,0,0,2,20,42,54,79,131,200,267,280,342,339,348,356,361,335,415,443,395,432,516,521,603,609,706,771,848,980,994,879,798,656,701,685,698,554,375,192,55,7
125,育新,116.34,40.0586,0,0,0,0,0,0,0,0,0,7,19,31,85,131,193,294,286,259,294,277,331,328,342,338,318,316,337,351,438,438,424,510,584,645,730,691,632,549,529,428,445,455,389,324,184,33,1,0
126,西小口,116.3445,40.045,0,0,0,0,0,0,0,0,0,0,3,4,24,28,70,118,136,126,128,113,114,83,86,79,97,76,110,88,103,119,114,116,157,129,149,137,128,111,113,99,102,117,125,109,34,11,0,0
127,永泰庄,116.3477,40.0349,0,0,0,0,0,0,0,0,0,1,13,28,32,69,154,215,215,198,257,277,359,327,285,262,298,269,279,350,332,385,342,451,479,564,647,571,574,487,466,431,471,418,436,359,203,40,0,1
128,林萃桥,116.3674,40.0199,0,0,0,0,0,0,0,0,0,1,4,8,21,44,95,131,172,112,175,94,111,121,81,93,75,92,95,88,127,112,121,139,127,152,154,141,132,107,73,75,67,80,76,72,34,5,0,0
129,森林公园南门,116.386,40.0077,0,0,0,0,0,0,0,0,0,0,0,14,43,153,293,391,479,407,336,355,381,325,283,247,217,266,354,396,383,320,236,168,166,121,97,96,91,77,50,59,20,21,18,3,0,1,0,0
130,奥林匹克公园,116.3864,40.0005,0,0,0,0,0,0,0,0,0,2,8,32,93,420,1019,1467,1614,1564,2192,2753,2488,2246,1766,1680,1501,1642,1681,1592,1516,1260,1004,998,936,1003,1024,930,911,855,664,366,217,105,119,72,66,20,1,0
131,奥体中心,116.3875,39.9854,0,0,0,0,0,0,0,0,0,0,4,4,14,78,123,223,217,199,217,242,230,212,174,183,200,230,250,242,250,272,240,191,224,250,244,218,259,222,165,108,79,54,21,10,6,6,0,0
132,北土城,116.387,39.9758,0,0,0,0,0,0,0,0,0,3,21,78,76,151,226,260,261,218,191,189,181,152,180,157,180,220,154,149,183,169,150,166,220,241,224,221,184,167,136,147,143,150,138,121,93,48,13,2
133,安华桥,116.3882,39.9672,0,0,0,0,0,0,0,0,0,1,7,15,32,79,199,337,255,210,203,178,203,185,146,173,186,251,223,190,148,186,209,239,236,289,249,299,217,177,161,172,165,183,166,162,97,11,0,0
134,什刹海,116.3877,39.9414,0,0,0,0,0,0,0,0,0,2,1,8,10,33,74,87,131,154,203,187,240,251,235,243,209,224,214,202,240,209,233,169,225,247,253,237,211,232,161,164,131,88,96,66,26,5,0,0
135,白堆子,116.3196,39.9216,0,0,0,0,0,0,0,0,0,1,12,31,98,252,372,459,420,298,262,215,221,218,206,188,186,190,218,227,247,169,224,220,187,217,235,220,193,173,165,144,169,175,156,111,82,21,0,2
136,六里桥东,116.3097,39.8848,1,0,0,0,0,0,0,0,0,16,60,123,207,279,408,491,503,561,600,596,530,536,524,527,485,532,501,559,616,679,768,837,880,862,962,974,816,643,461,432,414,370,372,314,221,53,13,4
137,六里桥,116.299,39.8794,1,0,0,0,0,0,0,0,0,3,22,70,97,113,178,198,215,182,201,215,217,238,224,234,247,245,221,252,250,249,248,254,271,270,317,273,255,192,146,145,129,149,163,111,110,72,9,2
138,七里庄,116.2876,39.8646,1,0,0,0,0,0,0,0,0,2,5,23,46,135,187,199,218,237,227,251,304,271,266,289,273,297,239,264,264,274,271,262,321,375,442,343,310,299,269,237,219,218,270,168,156,45,11,0
139,丰台东大街,116.2893,39.8534,2,0,0,0,0,0,0,0,0,2,10,16,30,46,92,122,100,111,110,108,155,128,134,144,123,130,122,118,124,146,166,180,193,201,228,278,228,206,157,147,169,190,159,136,75,41,5,1
140,丰台南路,116.2914,39.8394,0,0,0,0,0,0,0,0,0,3,10,18,49,87,145,159,170,149,153,151,172,159,143,168,120,169,159,207,222,249,314,286,355,353,378,370,389,324,263,233,223,254,263,215,170,53,16,0
141,科怡路,116.2935,39.8308,0,0,0,0,0,0,0,0,0,1,8,21,42,74,133,192,154,136,159,155,139,122,138,121,154,136,163,167,141,157,181,207,204,233,256,268,251,199,183,150,155,148,172,164,92,26,4,1
142,丰台科技园,116.2929,39.8227,1,0,0,0,0,0,0,0,0,0,5,15,46,114,217,376,363,210,161,133,93,68,68,77,78,113,79,73,65,79,79,68,71,73,71,54,56,39,55,51,38,27,28,29,26,6,1,2
143,郭公庄,116.2967,39.8119,1,0,0,0,0,0,0,0,0,2,6,6,19,42,50,77,76,65,67,45,50,69,54,60,46,45,47,71,59,68,68,88,90,99,98,78,66,54,43,47,54,56,51,61,68,34,10,4
144,巴沟,116.2803,39.9701,1,0,0,0,0,0,0,0,0,0,1,14,36,105,161,294,314,277,262,253,267,289,255,262,259,215,220,197,232,246,218,259,275,343,352,283,228,176,142,123,99,114,110,123,163,73,6,0
145,苏州街,116.289,39.9724,0,1,0,0,0,0,0,0,0,1,8,33,94,311,678,1050,1062,820,757,523,489,397,358,409,472,488,459,461,399,352,344,360,430,424,426,379,328,266,246,285,253,317,263,230,164,65,20,2
146,知春里,116.3225,39.974,0,0,0,0,0,0,0,0,0,0,2,19,43,136,250,307,260,202,215,174,159,150,128,142,155,177,167,171,155,129,146,125,155,166,180,160,148,127,112,112,115,122,136,116,62,20,7,0
147,知春路,116.3343,39.974,0,0,0,0,0,0,0,0,0,6,28,62,105,215,501,670,693,589,570,516,552,499,531,470,510,464,453,426,442,450,462,502,531,612,670,573,555,475,446,402,425,449,452,454,282,132,40,7
148,西土城,116.3473,39.9753,0,0,0,0,0,0,0,0,0,1,9,50,171,363,601,758,641,579,549,452,331,369,338,327,397,344,332,386,339,312,356,342,371,445,370,358,356,258,268,269,222,269,275,273,149,55,8,1
149,牡丹园,116.3633,39.9756,0,0,0,0,0,0,0,0,0,3,9,33,112,246,513,684,798,642,580,518,549,574,559,486,480,510,435,490,465,495,481,472,632,665,793,719,606,508,410,375,395,349,383,372,213,60,19,2
150,健德门,116.3748,39.9757,0,0,0,0,0,0,0,0,0,1,6,43,112,238,401,610,616,562,514,415,347,330,311,288,317,338,313,280,275,317,310,334,329,403,464,448,462,303,305,226,275,228,205,177,103,31,8,1
151,安贞门,116.4005,39.9757,0,0,0,0,0,0,0,0,0,0,8,39,120,151,309,353,433,332,285,208,195,182,192,200,202,241,197,200,202,176,218,168,233,237,263,253,256,183,174,131,124,153,159,132,98,40,4,0
152,芍药居,116.4302,39.9762,0,0,0,0,0,0,0,0,0,5,22,64,143,315,430,448,515,423,358,353,353,349,392,347,367,357,418,415,376,453,467,467,551,549,618,638,638,517,416,394,429,398,438,350,264,114,18,6
153,太阳宫,116.4407,39.9716,0,0,0,0,0,0,0,0,0,6,12,16,60,122,269,537,586,550,502,458,428,441,486,442,467,399,460,436,443,452,480,565,624,672,605,634,627,479,437,355,365,334,360,311,225,68,22,1
154,三元桥,116.4533,39.9628,0,0,0,0,0,0,0,0,0,4,80,186,261,458,747,1076,922,870,922,805,765,708,654,705,699,672,739,729,701,659,662,710,741,844,883,842,784,610,563,416,415,343,351,293,228,54,12,0
155,亮马桥,116.4559,39.9469,0,0,0,0,0,0,0,0,0,2,28,64,141,213,401,527,660,663,607,496,533,485,471,537,543,517,473,473,540,543,461,477,613,614,666,690,641,450,370,346,289,253,271,234,150,66,12,3
156,农业展览馆,116.4559,39.9399,0,0,0,0,0,0,0,0,0,0,5,21,52,72,243,423,548,604,685,575,436,365,278,233,231,199,225,221,179,151,128,123,112,117,128,135,103,71,46,60,53,43,62,46,38,13,1,0
157,团结湖,116.4555,39.9332,1,0,0,0,0,0,0,0,0,0,16,76,146,308,513,725,1032,896,815,781,751,693,687,710,765,844,782,784,679,776,747,736,767,845,881,884,815,660,591,416,436,371,327,300,299,89,11,0
158,金台夕照,116.4559,39.9154,0,0,0,0,0,0,0,0,0,1,8,37,86,159,274,560,722,620,668,578,426,377,328,362,335,349,356,333,315,281,262,244,274,240,266,279,271,200,183,115,100,66,56,65,38,14,4,0
159,双井,116.4556,39.8839,0,0,0,0,0,0,0,0,0,2,13,37,90,205,438,767,943,880,845,823,834,829,861,856,810,871,902,887,862,876,768,835,981,1028,1170,1110,1028,867,633,595,484,518,530,448,404,126,3,0
160,劲松,116.4555,39.8746,0,0,0,0,0,0,0,0,0,5,13,42,98,252,468,669,672,674,715,732,740,711,659,664,634,604,693,648,690,761,750,798,934,956,1147,1033,1016,840,749,589,632,629,666,550,459,136,6,0
161,大钟寺,116.3393,39.9656,0,0,0,0,0,0,0,0,0,0,14,27,68,232,482,710,623,656,665,487,410,463,403,400,445,439,379,440,396,384,358,351,429,481,485,408,306,305,197,200,199,160,176,132,110,35,7,0
162,五道口,116.3317,39.9905,0,0,0,0,0,0,0,0,0,4,30,82,229,469,825,1115,1034,976,913,1003,1047,1087,1102,1043,948,976,935,858,922,868,855,930,1020,1238,1133,1099,945,771,596,587,473,524,656,520,348,150,21,2
163,上地,116.3132,40.0316,0,0,0,0,0,0,0,0,0,9,26,43,108,243,354,509,510,544,553,541,499,493,541,497,493,516,561,498,615,594,595,652,821,982,983,924,914,795,752,657,654,589,669,523,380,141,34,7
164,西二旗,116.2985,40.0509,0,0,0,0,0,0,0,0,0,5,21,102,197,376,714,882,1204,1051,1063,808,738,689,629,576,644,533,568,603,601,610,679,701,757,850,924,909,873,793,806,700,675,640,650,493,408,155,18,4
165,龙泽,116.3136,40.0691,0,0,0,0,0,0,0,0,0,15,63,90,94,192,231,367,379,378,505,509,555,603,553,521,577,598,649,744,731,862,900,947,1094,1180,1201,1235,1272,1119,957,801,825,734,762,576,391,120,32,13
166,回龙观,116.3292,40.0688,0,0,0,0,0,0,0,0,0,6,33,79,109,161,211,331,382,450,508,502,565,637,604,564,598,566,623,670,783,740,809,881,1066,1105,1162,1300,1158,1021,916,720,630,699,677,514,420,213,74,25
167,北苑,116.4277,40.0412,0,0,0,0,0,0,0,0,0,4,7,26,41,86,141,167,190,191,239,207,206,202,192,169,194,151,223,246,267,284,258,265,355,367,409,325,390,299,271,217,216,221,226,210,135,38,5,0
168,望京西,116.4409,39.9941,0,0,0,0,0,0,0,0,0,2,26,80,162,274,365,475,579,528,507,426,405,368,344,368,322,361,332,322,356,291,326,311,263,315,366,308,271,193,166,163,152,136,133,105,97,56,10,0
169,光熙门,116.4258,39.9693,0,0,0,0,0,0,0,0,0,0,3,9,52,100,153,191,200,179,152,141,137,171,162,159,175,157,156,180,154,151,169,206,228,254,198,258,226,140,129,115,119,102,126,101,61,29,1,0
170,柳芳,116.4262,39.9567,0,0,0,0,0,0,0,0,0,3,2,12,65,150,277,489,501,313,269,219,208,182,159,152,142,187,179,157,160,140,147,176,189,194,198,190,173,142,142,125,113,115,123,100,81,27,5,0
171,张郭庄,116.184,39.8574,0,0,0,0,0,0,0,0,0,2,5,5,12,27,42,38,47,57,76,65,57,64,51,51,69,60,95,77,95,89,114,119,142,139,141,171,167,123,109,80,72,67,61,27,1,0,0,0
172,园博园,116.2082,39.8619,0,0,0,0,0,0,0,0,0,0,1,8,16,23,22,48,22,39,34,51,48,30,29,25,23,30,28,28,24,57,45,39,53,59,67,68,63,27,29,23,21,12,6,9,0,0,1,0
173,大瓦窑,116.2306,39.8656,0,0,0,0,0,0,0,0,0,1,2,9,19,27,91,59,62,62,66,81,67,66,64,50,44,68,60,50,70,77,101,92,116,126,140,148,158,124,105,64,65,76,73,46,19,0,0,0
174,郭庄子,116.2474,39.8655,0,0,0,0,0,0,0,0,0,1,1,5,15,30,40,49,60,49,60,51,64,73,41,47,55,76,62,94,96,85,96,111,125,129,113,155,151,117,106,93,107,78,107,46,7,0,0,0
175,大井,116.2717,39.8633,0,0,0,0,0,0,0,0,0,0,2,5,5,23,33,49,56,57,57,64,61,72,56,44,57,58,57,68,81,64,88,81,84,120,154,121,94,104,72,71,75,59,88,47,7,0,0,0
176,西局,116.2983,39.8654,0,0,0,0,0,0,0,0,0,0,8,24,57,103,199,194,204,193,174,151,223,166,147,154,156,129,150,157,148,191,161,160,188,192,235,204,183,175,143,149,117,120,139,115,113,21,1,0
177,朝阳公园,116.4783,39.9337,0,0,0,0,0,0,0,0,0,0,0,0,0,0,0,0,0,0,0,0,0,0,0,0,0,0,0,0,0,0,0,0,0,0,0,0,0,0,0,0,0,0,0,0,0,0,0,0
178,枣营,116.4727,39.9337,0,0,0,0,0,0,0,0,0,0,1,5,8,18,37,37,57,75,70,103,103,109,106,81,109,110,90,122,116,137,146,162,168,245,209,168,184,178,116,79,58,42,28,38,18,3,0,0
179,东风北桥,116.4685,39.9429,0,0,0,0,0,0,0,0,0,0,0,5,13,23,28,41,65,45,45,29,33,46,43,33,44,19,51,63,51,48,52,39,62,66,81,80,67,54,47,52,71,40,46,55,35,3,0,0
180,将台,116.4802,39.9621,0,0,0,0,0,0,0,0,0,0,8,33,53,98,150,199,201,196,219,220,192,231,162,221,199,209,211,226,218,244,262,258,275,262,326,296,277,250,233,220,176,159,212,144,96,16,0,0
181,望京南,116.471,39.9867,0,0,0,0,0,0,0,0,0,0,3,8,25,72,106,150,176,146,188,149,157,144,152,123,131,145,147,131,146,136,107,118,149,136,139,177,126,100,85,80,66,74,80,71,28,5,0,0
182,阜通,116.4643,39.9906,0,0,0,0,0,0,0,0,0,0,1,5,14,23,56,92,128,112,116,107,118,113,108,105,82,104,103,77,88,81,102,131,104,154,151,153,122,109,75,83,60,53,61,51,37,7,0,0
183,望京,116.4615,39.9975,0,0,0,0,0,0,0,0,0,0,14,34,63,156,321,435,561,527,495,440,397,431,402,352,383,385,358,368,372,371,349,355,457,441,483,474,462,364,270,275,235,171,207,173,131,49,10,0
184,东湖渠,116.4608,40.0124,0,0,0,0,0,0,0,0,0,0,4,6,23,44,94,114,112,110,97,73,97,128,98,106,109,91,92,90,109,117,121,107,152,140,152,136,137,130,109,89,76,62,70,86,57,11,0,0
185,来广营,116.4611,40.0224,0,0,0,0,0,0,0,0,0,0,7,5,11,33,63,54,65,63,58,30,45,50,43,43,39,50,57,51,40,68,66,63,61,62,75,71,60,49,40,28,49,37,43,40,30,3,0,0
186,善各庄,116.4699,40.0286,0,0,0,0,0,0,0,0,0,0,2,1,3,2,5,10,5,11,3,9,17,7,10,8,8,10,8,14,17,17,22,16,26,18,30,27,22,20,24,16,16,17,24,18,16,8,1,0
187,清华东路西口,116.3322,39.999,0,0,0,0,0,0,0,0,0,2,5,13,14,36,73,107,86,81,106,77,87,90,83,88,104,100,119,128,130,119,113,148,158,151,196,151,134,114,109,83,83,90,100,87,50,11,0,0
188,六道口,116.3607,40.0001,0,0,0,0,0,0,0,0,0,0,5,21,33,83,131,178,200,135,125,130,170,165,164,181,153,164,185,182,212,209,187,205,192,253,289,225,219,190,173,158,197,165,169,144,45,12,1,0
189,北沙滩,116.3715,40.0001,0,0,0,0,0,0,0,0,0,1,5,19,38,57,99,115,109,138,142,128,97,98,121,110,87,101,114,116,113,114,126,134,142,149,202,191,154,132,133,128,95,132,89,82,45,7,0,0
190,安立路,116.4019,40.001,0,0,0,0,0,0,0,0,0,0,0,7,21,53,93,152,141,150,104,104,115,114,117,115,116,99,95,103,129,99,96,118,123,126,151,138,114,84,85,78,63,64,66,61,30,8,0,0
191,关庄,116.4235,39.9997,0,0,0,0,0,0,0,0,0,0,1,5,8,19,29,47,41,31,45,51,33,29,29,34,25,33,28,29,23,25,35,51,48,50,51,44,71,45,20,24,31,32,27,29,14,2,2,0
192,崔各庄,116.4858,40.0216,0,0,0,0,0,0,0,0,0,2,3,13,17,29,54,66,62,60,59,65,51,56,60,38,67,67,81,66,77,67,112,120,97,117,137,155,178,145,148,140,116,90,83,81,65,18,3,1
193,马泉营,116.497,40.0333,0,0,0,0,0,0,0,0,0,1,11,12,25,42,102,127,174,209,161,197,213,226,206,181,203,238,221,260,251,244,216,216,241,225,223,302,267,210,194,157,149,121,140,120,89,24,2,1
194,孙河,116.5263,40.0414,0,0,0,0,0,0,0,0,0,4,4,10,24,37,42,66,46,36,58,54,28,53,31,40,37,42,45,46,58,49,65,59,75,71,75,92,77,53,68,50,40,40,43,26,36,11,2,0
195,国展,116.5482,40.0688,0,0,0,0,0,0,0,0,0,0,13,68,174,457,528,686,715,511,483,345,270,229,178,154,151,157,137,136,136,147,155,145,119,112,151,178,111,133,120,118,87,85,118,73,44,17,3,0
196,花梨坎,116.5501,40.0839,0,0,0,0,0,0,0,0,0,0,8,12,27,60,93,72,58,62,72,46,84,65,71,77,50,91,74,89,101,95,107,135,143,150,143,175,173,103,105,103,117,103,102,62,44,20,0,0
197,后沙峪,116.5558,40.1137,0,1,0,0,0,0,0,0,0,7,28,64,94,156,194,200,177,198,196,168,226,221,175,185,142,166,186,213,193,223,224,218,238,258,299,320,275,204,191,176,179,174,169,97,61,25,5,0
198,南法信,116.6028,40.1279,0,0,0,0,0,0,0,0,0,1,22,21,32,41,47,88,69,67,58,56,71,61,52,64,75,72,71,103,71,84,90,112,93,112,124,120,131,110,68,75,68,53,70,48,32,8,0,1
199,石门,116.6337,40.1293,0,0,0,0,0,0,0,0,0,8,15,18,35,60,83,140,142,132,147,160,154,153,139,131,153,139,134,159,145,168,177,189,209,223,195,242,192,156,139,142,102,88,109,65,35,14,3,1
200,顺义,116.6496,40.1301,0,0,0,0,0,0,0,0,0,9,35,67,111,143,222,233,274,316,355,440,360,327,296,305,302,311,277,342,372,393,457,471,473,440,528,501,409,309,278,222,208,179,172,128,62,27,4,2
201,俸伯,116.6758,40.1322,0,0,0,0,0,0,0,0,0,11,42,84,96,113,116,141,193,187,232,192,189,180,161,139,180,147,168,222,223,200,222,255,288,283,351,311,327,215,188,108,144,87,82,63,46,7,7,0
202,潘家园,116.4525,39.8648,0,0,0,0,0,0,0,0,0,5,37,82,124,304,548,699,769,904,1044,993,1048,995,864,765,835,880,814,909,902,813,710,680,561,602,638,574,537,411,385,365,352,386,367,345,258,67,6,0
203,十里河,116.4492,39.8509,0,0,0,0,0,0,0,0,0,5,24,49,98,195,411,610,870,1047,1007,936,878,771,645,645,647,682,657,767,768,762,691,696,717,713,850,804,690,632,512,456,433,406,410,345,333,83,6,0
204,分钟寺,116.4419,39.8445,0,0,0,0,0,0,0,0,0,3,9,19,18,30,68,62,115,111,140,161,139,175,134,166,170,158,158,194,188,196,234,280,341,344,438,575,646,588,458,390,422,398,430,376,354,136,11,0
205,成寿寺,116.4336,39.8445,0,0,0,0,0,0,0,0,0,1,6,18,39,83,141,229,209,188,241,242,187,212,210,199,216,219,240,224,251,279,322,288,330,352,386,418,393,318,306,282,267,271,262,224,255,84,5,0
206,石榴庄,116.408,39.8445,0,0,0,0,0,0,0,0,0,0,15,19,35,73,144,155,174,156,200,210,255,260,204,200,225,205,255,203,235,294,277,313,314,407,396,422,455,311,292,272,287,282,313,258,171,53,4,0
207,大红门,116.3946,39.844,0,0,0,0,0,0,0,0,0,19,108,305,377,420,515,543,546,515,640,752,891,792,610,563,555,515,512,508,448,442,376,331,362,401,385,358,368,270,251,218,215,224,265,167,177,36,1,0
208,角门东,116.3803,39.8441,0,0,0,0,0,0,0,0,0,2,9,13,58,133,223,376,385,348,359,331,317,383,356,341,319,303,361,370,365,382,412,414,506,551,649,542,602,455,366,405,330,303,304,294,242,56,0,1
209,草桥,116.3466,39.8442,0,0,0,0,0,0,0,0,0,4,3,15,36,42,107,145,192,204,155,185,211,189,151,151,156,171,168,186,158,162,190,197,227,254,247,259,251,190,186,160,162,162,137,136,128,23,7,0
210,纪家庙,116.3284,39.8424,0,0,0,0,0,0,0,0,0,0,5,3,9,55,116,171,165,122,131,122,114,98,101,114,100,116,135,125,94,98,140,140,134,133,156,150,126,86,90,84,98,75,94,100,73,21,0,0
211,首经贸,116.315,39.8427,0,0,0,0,0,0,0,0,0,1,11,20,42,63,112,125,165,184,188,224,263,249,213,235,233,283,278,242,295,348,325,398,466,490,523,562,493,399,347,314,367,355,339,321,215,53,2,1
212,丰台站,116.3005,39.8458,0,0,0,0,0,0,0,0,0,0,1,1,12,13,47,65,90,99,109,120,98,116,113,120,106,98,90,129,121,117,177,188,202,249,265,264,268,219,179,175,181,150,186,170,107,23,0,0
213,泥洼,116.2995,39.8537,0,0,0,0,0,0,0,0,0,1,5,20,35,84,118,156,166,148,187,194,180,182,166,159,189,166,178,193,215,188,250,230,238,292,301,271,272,227,167,182,163,184,205,139,117,24,1,0
214,莲花桥,116.303,39.8941,0,0,0,0,0,0,0,0,0,2,5,9,36,82,151,251,179,114,136,93,85,83,98,102,109,126,95,103,117,103,91,113,134,162,170,168,125,77,81,57,100,75,63,44,22,2,1,0
215,西钓鱼台,116.2916,39.9211,0,0,0,0,0,0,0,0,0,1,13,52,110,224,309,381,411,395,393,373,355,269,266,209,259,269,267,285,290,249,240,252,315,286,304,292,268,215,189,171,193,170,226,170,85,27,4,0
216,车道沟,116.2894,39.9454,3,0,0,0,0,0,0,0,0,3,7,15,37,109,163,249,279,222,203,169,153,165,159,122,139,153,184,161,168,144,156,177,200,221,208,212,220,144,125,152,143,154,152,132,182,110,12,5
217,长春桥,116.2889,39.9559,0,0,0,0,0,0,0,0,0,2,7,20,73,191,385,620,758,798,602,481,463,395,456,395,399,430,367,377,363,325,338,334,373,451,413,380,296,249,187,128,170,147,170,125,90,43,9,1
218,火器营,116.2832,39.9646,0,0,0,0,0,0,0,0,0,0,3,3,10,35,83,88,94,68,78,79,79,70,77,72,83,71,55,64,80,80,94,80,91,109,113,117,115,65,55,69,44,59,76,59,32,14,5,4
219,新宫,116.3607,39.8097,0,0,0,0,0,0,0,0,0,6,28,42,68,137,208,266,290,279,251,292,303,309,320,302,347,360,377,432,426,446,491,539,648,728,807,761,796,585,569,486,534,417,491,406,322,114,2,0
220,西红门,116.324,39.7874,0,0,0,0,0,0,0,0,0,8,17,61,96,183,240,333,422,590,808,1055,1155,1235,1151,1088,986,1050,1038,991,1088,1040,1088,1058,1035,1197,1168,1104,989,822,672,529,496,434,405,303,265,80,0,0
221,高米店北,116.3257,39.7754,0,0,0,0,0,0,0,0,0,1,7,15,23,51,123,161,199,212,189,190,171,182,190,179,217,200,224,208,229,232,303,295,266,352,417,378,401,318,289,255,258,261,300,223,186,50,6,0
222,高米店南,116.3276,39.7626,0,0,0,0,0,0,0,0,0,1,17,37,107,119,154,251,313,259,225,250,254,238,323,277,274,261,246,263,275,344,275,357,387,366,368,425,344,292,258,232,238,197,222,162,117,29,0,0
223,枣园,116.3282,39.7527,0,0,0,0,0,0,0,0,0,4,16,16,37,64,139,161,196,227,268,269,316,264,282,264,296,273,291,310,319,399,434,469,518,576,625,669,594,472,418,406,408,414,371,320,258,64,19,0
224,清源路,116.3286,39.7406,0,0,0,0,0,0,0,0,0,2,30,22,54,111,234,202,208,194,252,288,268,264,247,227,248,254,245,306,299,340,368,364,416,504,481,454,411,293,261,233,279,303,255,201,180,54,5,0
225,黄村西大街,116.3289,39.73,0,0,0,0,0,0,0,0,0,12,65,73,109,187,241,345,357,369,481,505,457,453,446,422,442,510,513,506,603,717,660,628,610,629,675,673,615,473,360,293,287,285,258,191,169,35,4,0
226,黄村火车站,116.3279,39.7199,0,0,0,0,0,0,0,0,0,12,31,35,50,76,97,117,156,195,205,247,235,199,190,199,231,217,215,273,277,316,308,364,359,364,430,425,348,314,235,214,248,211,222,174,193,47,7,1
227,义和庄,116.3159,39.7101,0,0,0,0,0,0,0,0,0,2,7,11,17,26,31,34,46,37,42,46,44,49,57,48,50,51,37,67,52,68,99,61,85,92,102,88,71,70,56,35,40,33,20,33,34,6,1,0
228,生物医药基地,116.3182,39.6855,0,0,0,0,0,0,0,0,0,3,8,23,37,43,73,110,113,111,105,134,135,115,100,90,112,101,132,121,125,122,146,141,182,189,213,218,299,367,274,208,142,119,136,95,92,37,11,0
229,天宫院,116.316,39.6666,0,0,0,0,0,0,0,0,0,18,55,77,121,170,212,242,370,370,403,343,327,314,250,279,294,281,305,298,369,411,389,422,403,453,500,478,369,153,129,185,201,217,236,173,139,32,7,0
230,南邵,116.2791,40.2042,0,0,0,0,0,0,0,0,0,7,48,118,110,181,232,282,343,364,443,462,471,432,354,385,369,368,396,447,505,553,540,574,637,618,592,644,543,424,386,322,327,278,284,205,85,26,4,0
231,沙河高教园,116.2729,40.1624,0,0,0,0,0,0,0,0,0,2,10,13,35,33,48,46,68,95,97,115,79,116,129,99,125,131,147,200,201,206,222,274,314,315,385,369,399,351,368,290,340,345,289,204,108,51,3,0
232,沙河,116.2819,40.1454,0,0,0,0,0,0,0,0,0,21,44,63,77,138,182,220,300,294,313,317,415,385,353,361,435,454,469,506,499,624,687,713,806,918,1040,1094,1149,1121,950,739,725,769,774,596,315,96,3,0
233,巩华城,116.2865,40.1287,0,0,0,0,0,0,0,0,0,0,0,0,2,2,5,10,13,7,11,20,13,15,3,10,18,8,10,16,17,18,28,26,28,27,36,32,35,26,35,16,18,17,18,23,15,2,2,0
234,生命科学园,116.2831,40.0908,0,0,0,0,0,0,0,0,0,10,23,27,61,97,146,233,265,246,267,323,378,431,374,387,426,391,407,446,510,540,595,577,738,799,897,872,912,844,674,509,512,523,512,362,192,33,1,0
235,大葆台,116.2876,39.8053,0,0,0,0,0,0,0,0,0,1,6,32,62,72,122,120,180,137,147,139,131,135,123,105,103,92,105,74,96,92,85,81,100,140,120,121,143,109,93,63,72,70,62,43,26,2,0,0
236,稻田,116.2132,39.7912,0,0,0,0,0,0,0,0,0,0,3,10,12,7,32,22,39,40,28,35,37,44,36,31,28,31,25,54,44,57,51,69,74,62,89,71,75,81,53,41,29,57,50,29,16,0,0,0
237,长阳,116.2084,39.7613,0,0,0,0,0,0,0,0,0,4,13,25,57,69,88,126,138,147,230,203,187,192,179,148,152,183,190,199,209,248,266,291,320,329,413,408,423,289,239,221,242,215,207,159,64,7,0,0
238,篱笆房,116.1857,39.7583,0,0,0,0,0,0,0,0,0,2,5,3,13,28,37,68,94,151,108,161,171,183,138,129,105,158,151,151,153,140,153,151,150,126,147,136,129,104,67,62,56,56,45,43,16,0,0,0
239,广阳城,116.1805,39.7456,0,0,0,0,0,0,0,0,0,1,5,10,18,26,31,44,48,59,56,52,67,48,48,50,61,49,57,62,52,73,79,64,99,94,102,78,76,72,54,44,74,61,58,44,15,2,1,0
240,良乡大学城北,116.1801,39.7302,0,0,0,0,0,0,0,0,0,2,9,5,15,23,38,31,45,50,64,42,86,64,57,53,50,47,88,82,101,68,103,127,116,90,115,111,137,121,78,85,68,76,53,59,10,1,0,0
241,良乡大学城,116.1743,39.7208,0,0,0,0,0,0,0,0,0,3,6,15,23,24,41,24,38,58,42,50,57,48,23,38,33,52,56,60,55,60,66,60,46,61,39,45,31,33,20,16,12,13,9,5,1,0,0,0
242,良乡大学城西,116.1549,39.7203,0,0,0,0,0,0,0,0,0,0,1,12,16,28,31,47,82,85,83,104,89,92,80,94,97,125,111,154,156,125,179,168,222,234,217,241,242,206,142,134,138,111,130,78,28,5,0,0
243,良乡南关,116.1418,39.7209,0,0,0,0,0,0,0,0,0,10,24,20,37,41,51,57,85,119,89,108,125,79,114,101,120,101,112,109,151,125,141,139,128,167,144,153,137,93,91,55,59,69,51,69,22,9,2,0
244,苏庄,116.1174,39.7212,0,0,0,0,0,0,0,0,0,1,24,37,75,86,107,132,163,200,196,185,174,166,147,139,178,173,173,197,179,202,229,255,245,298,261,287,218,139,118,86,109,87,94,53,38,7,0,0
245,肖村,116.4436,39.8329,0,0,0,0,0,0,0,0,0,2,8,12,12,33,66,144,201,149,127,117,121,97,79,81,91,99,108,102,111,93,89,94,85,119,122,130,124,88,78,64,62,62,67,52,30,1,0,0
246,小红门,116.4547,39.8265,0,0,0,0,0,0,0,0,0,0,2,5,10,34,57,41,41,39,59,71,58,54,60,49,73,66,54,69,71,74,89,99,125,123,133,156,137,125,90,74,90,75,93,62,35,0,0,0
247,旧宫,116.4563,39.806,0,0,0,0,0,0,0,0,0,2,13,19,65,100,147,141,192,185,176,186,245,194,192,208,210,195,216,230,230,302,327,337,348,394,437,455,459,377,291,241,235,218,206,150,66,0,0,0
248,亦庄桥,116.4762,39.8022,0,0,0,0,0,0,0,0,0,4,3,17,25,54,87,116,113,118,116,134,126,124,109,132,120,127,137,110,168,190,174,166,232,195,213,233,218,166,163,121,164,139,161,109,23,1,0,0
249,亦庄文化园,116.4853,39.806,0,0,0,0,0,0,0,0,0,1,4,9,17,31,57,70,78,101,85,88,74,58,76,69,67,88,92,78,89,90,92,93,111,149,170,138,110,107,76,53,84,84,91,57,11,0,0,0
250,万源街,116.5,39.8028,0,0,0,0,0,0,0,0,0,7,16,35,45,77,140,214,192,163,143,149,149,162,160,135,163,171,189,165,161,179,184,205,195,201,204,179,177,162,112,101,74,63,67,32,11,0,0,0
251,荣京东街,116.5087,39.7924,0,0,0,0,0,0,0,0,0,2,5,39,85,123,178,197,189,147,88,96,105,90,89,61,89,70,86,86,85,87,110,94,104,107,115,118,101,85,76,63,62,56,46,48,11,1,0,0
252,荣昌东街,116.5175,39.7821,0,0,0,0,0,0,0,0,0,6,31,55,91,151,226,214,176,196,178,149,162,151,147,144,157,174,176,197,240,205,269,263,360,342,336,365,341,253,215,187,169,154,132,87,42,6,0,0
253,同济南路,116.5357,39.7719,0,0,0,0,0,0,0,0,0,10,51,48,111,137,191,229,239,265,276,270,269,276,248,272,313,288,339,314,362,389,448,500,533,556,581,589,580,416,373,342,335,268,270,167,79,7,1,0
254,经海路,116.5595,39.784,0,0,0,0,0,0,0,0,0,7,15,26,44,79,98,104,99,110,121,85,90,69,97,78,99,102,94,98,94,127,111,165,147,168,165,175,220,151,138,117,121,112,91,79,22,5,0,0
255,次渠南,116.577,39.794,0,0,0,0,0,0,0,0,0,0,0,3,2,2,6,4,12,9,10,13,13,14,4,11,13,8,10,15,10,18,10,17,36,27,27,27,11,13,7,6,9,10,2,2,1,0,0,0
256,次渠,116.5857,39.8025,0,0,0,0,0,0,0,0,0,5,15,8,19,37,54,59,62,88,67,91,75,72,64,66,85,84,105,86,90,105,113,131,146,157,182,139,137,118,99,61,77,60,68,59,33,4,0,0
257,高碑店,116.5265,39.9085,0,0,0,0,0,0,0,0,0,2,2,27,37,89,160,244,288,223,176,150,137,100,85,103,118,101,126,127,119,140,121,143,115,122,141,133,139,108,75,76,70,79,63,63,59,12,3,0
258,传媒大学,116.5494,39.9091,0,0,0,0,0,0,0,0,0,3,12,33,48,101,176,209,227,207,225,235,246,233,241,274,303,291,293,320,331,343,368,447,441,473,544,560,617,564,437,423,436,429,425,378,334,139,8,0
259,双桥,116.5716,39.9099,0,0,0,0,0,0,0,0,0,5,31,51,86,109,167,254,296,269,282,283,270,313,277,277,319,341,335,372,353,429,438,493,543,600,692,668,755,641,542,431,435,439,412,339,321,117,6,0
260,管庄,116.5936,39.9092,0,0,0,1,0,0,0,0,0,3,21,34,78,112,141,162,181,206,205,214,211,218,174,194,214,228,251,270,292,268,339,320,450,399,425,508,472,461,413,293,361,338,282,252,268,71,3,0
261,八里桥,116.6138,39.9063,0,0,0,0,0,0,0,0,0,1,6,13,8,21,21,29,38,40,46,27,45,39,41,56,43,52,72,41,66,75,76,95,91,107,93,97,123,94,74,56,80,63,95,65,61,37,1,0
262,通州北苑,116.6319,39.9038,0,0,0,0,0,0,0,0,0,13,49,62,73,121,150,236,266,353,334,383,445,394,393,366,360,332,383,399,460,499,525,568,638,614,676,658,645,457,448,347,293,271,262,253,222,71,12,0
263,果园,116.6408,39.8933,0,0,0,0,0,0,0,0,0,1,4,15,23,50,56,78,98,137,154,181,188,166,161,138,149,172,135,186,186,231,238,280,318,338,417,392,380,312,308,259,240,254,237,187,184,70,11,0
264,九棵树,116.6519,39.89,0,0,0,0,0,0,0,0,0,2,20,23,28,52,101,146,185,192,229,248,228,246,207,202,222,230,254,250,325,269,298,362,341,367,410,393,409,279,221,200,181,139,156,118,123,51,9,0
265,梨园,116.6635,39.8834,0,0,0,0,0,0,0,0,0,9,28,40,53,85,136,163,256,309,318,327,321,319,251,268,333,315,363,363,398,432,490,469,555,596,651,616,690,544,415,388,382,360,353,339,278,94,20,1
266,临河里,116.6737,39.8755,0,0,0,0,0,0,0,0,0,1,10,7,18,40,34,69,88,76,112,116,101,105,87,77,79,97,94,111,111,140,110,151,205,207,223,234,250,219,173,177,175,143,149,149,128,57,11,3
267,土桥,116.681,39.8718,0,0,0,0,0,0,0,0,0,24,86,74,87,123,163,184,258,246,239,304,225,263,227,220,247,241,296,284,330,312,367,378,416,377,408,433,461,333,284,217,234,235,234,237,264,77,20,1
