1,苹果园,116.1726,39.921,0,0,0,0,0,0,0,0,0,0,6,30,148,270,655,949,1390,1772,1400,1302,1287,1276,1238,1031,997,907,808,882,843,820,794,733,722,763,782,689,632,597,506,473,365,332,303,259,213,177,101,24
2,古城路,116.1844,39.9041,1,0,0,0,0,0,0,0,0,0,5,39,81,164,288,541,740,888,682,631,585,616,537,514,442,394,404,413,368,393,342,323,301,274,330,307,298,309,236,166,163,144,144,127,108,60,41,5
3,八角游乐园,116.208,39.9046,5,0,0,0,0,0,0,0,0,0,6,19,59,138,306,469,623,687,565,573,528,531,491,438,382,339,384,367,323,394,396,376,371,394,456,374,421,322,279,206,183,223,211,147,125,99,60,19
4,八宝山,116.2307,39.9047,1,0,0,0,0,0,0,0,0,0,3,18,49,91,253,414,556,706,536,514,521,566,592,497,422,445,375,372,415,420,395,352,312,333,376,374,413,400,320,233,187,183,203,165,158,149,74,23
5,玉泉路,116.2483,39.905,3,0,0,0,0,0,0,0,0,0,2,14,37,135,215,454,630,766,706,685,714,659,719,664,573,549,532,523,509,474,480,419,434,485,568,585,555,491,425,277,230,232,241,223,166,109,85,14
6,五棵松,116.2692,39.9053,3,1,0,0,0,0,0,0,0,0,1,23,51,114,194,345,510,581,538,620,665,722,677,658,560,556,552,551,518,558,573,662,581,694,721,853,878,663,546,409,363,289,298,327,299,284,157,43
7,万寿路,116.2899,39.9054,3,0,0,0,0,0,0,0,0,0,0,13,30,59,136,185,288,350,296,353,351,332,330,347,311,338,317,407,405,446,406,395,418,443,461,507,509,490,451,363,329,292,321,375,340,343,179,22
8,公主坟,116.3052,39.9054,1,0,0,0,0,0,0,0,0,0,1,6,12,26,56,108,148,142,166,241,242,252,249,306,360,354,332,340,327,310,374,437,401,421,503,486,522,532,384,358,296,211,365,336,254,258,117,25
9,军事博物馆,116.3163,39.9057,1,0,0,0,0,0,0,0,0,0,1,19,15,59,90,149,184,242,233,303,313,316,348,361,345,309,312,359,350,356,379,396,419,437,495,474,443,400,321,236,215,197,177,183,153,110,81,37
10,木樨地,116.3306,39.9059,1,0,0,0,0,0,0,0,0,0,0,15,14,28,82,129,186,231,251,263,280,223,227,244,231,239,242,208,257,240,236,274,266,296,308,361,311,280,217,143,127,104,130,116,127,107,51,21
11,南礼士路,116.3471,39.9053,2,0,0,0,0,0,0,0,0,0,1,21,19,32,85,147,219,225,260,310,278,269,268,298,246,286,290,322,340,281,281,335,401,386,375,441,434,367,287,216,190,178,169,238,171,109,58,25
12,复兴门,116.3529,39.9054,1,0,0,0,0,0,0,0,0,0,2,6,39,36,37,90,126,150,150,177,198,198,241,236,248,275,247,259,248,263,280,315,466,424,426,378,421,383,315,283,248,219,221,264,263,291,96,13
13,西单,116.3679,39.9053,4,0,0,0,0,0,0,0,0,0,3,4,28,33,74,139,156,205,222,283,303,417,579,643,728,930,1163,1511,1824,2031,2453,3076,3331,3794,4038,4417,4485,4001,3501,3193,3180,2983,3147,3017,2356,2182,1242,185
14,天安门西,116.3866,39.9058,2,1,0,0,0,0,0,0,0,0,0,3,1,4,28,37,50,50,51,50,51,69,140,135,224,329,247,191,234,206,242,291,361,402,480,456,354,332,287,190,143,121,157,286,640,616,657,94
15,天安门东,116.3981,39.9062,0,0,0,0,0,0,0,0,0,0,1,2,10,18,63,87,80,99,94,121,155,171,247,283,327,360,360,395,467,434,527,572,655,889,1188,872,519,505,443,205,191,157,117,113,111,86,52,11
16,王府井,116.4074,39.9066,2,0,0,0,0,0,0,0,0,0,0,12,11,15,19,42,51,90,116,99,151,173,199,216,298,356,478,624,754,894,933,960,1230,1377,1554,1550,1625,1485,1256,1166,1089,1254,1190,1286,1340,1239,579,95
17,东单,116.4122,39.9065,7,0,0,0,0,0,0,0,0,0,0,19,21,24,42,96,115,186,217,229,278,264,287,316,296,293,301,344,355,422,402,429,452,551,679,791,698,597,522,487,408,449,443,466,493,392,186,40
18,建国门,116.431,39.907,4,0,0,0,0,0,0,0,0,0,3,9,27,42,47,94,137,182,183,205,203,210,220,210,222,240,214,237,275,339,324,365,321,368,399,402,407,454,422,286,216,218,191,210,164,170,95,27
19,永安里,116.4456,39.9079,5,0,0,0,0,0,0,0,0,0,0,4,31,44,54,83,101,144,139,147,205,182,214,225,281,268,292,334,318,312,388,376,421,581,554,594,564,595,561,467,378,317,409,395,253,180,107,33
20,国贸,116.4562,39.9072,11,0,0,0,0,0,0,0,0,0,3,19,81,217,461,770,1029,1204,1033,1030,1010,987,1046,1178,1259,1310,1213,1085,1132,1167,1237,1244,1261,1365,1562,1699,1800,1812,1489,1214,887,959,853,774,785,495,253,72
21,大望路,116.4727,39.9071,4,0,0,0,0,0,0,0,0,0,6,22,65,160,319,512,704,822,750,781,838,806,880,855,1054,1132,1047,1003,1019,1045,976,933,1057,1077,1135,1221,1387,1449,1221,1024,803,704,695,725,686,685,482,88
22,四惠,116.4904,39.9079,1,0,0,0,0,0,0,0,0,0,4,24,56,110,242,329,495,647,569,639,674,627,701,673,614,727,651,605,577,631,581,561,609,606,584,628,708,726,705,462,397,305,309,298,262,213,144,62
23,四惠东,116.5097,39.9085,1,0,0,0,0,0,0,0,0,0,6,24,69,111,244,382,606,814,699,705,612,590,528,586,469,501,503,429,454,460,420,378,355,381,375,419,408,470,387,309,246,206,215,170,141,129,97,29
24,西直门,116.3489,39.9391,12,0,0,0,0,0,0,0,0,0,4,56,199,270,381,519,723,856,826,1006,1079,1363,1058,1184,1168,1259,1237,1423,1395,1402,1445,1452,1388,1380,1671,1688,1897,1629,1621,1545,1233,1225,1196,1197,1032,819,423,82
25,车公庄,116.35,39.9316,0,0,0,0,0,0,0,0,0,0,0,11,39,52,107,140,186,249,237,303,299,333,345,339,365,418,392,380,355,375,381,443,371,424,470,606,544,520,466,317,286,221,179,219,313,286,89,26
26,阜成门,116.3503,39.9228,0,0,0,0,0,0,0,0,0,0,1,19,50,68,141,244,331,426,393,454,473,468,453,468,450,401,447,449,449,552,563,564,558,640,656,767,777,700,631,465,395,372,342,401,295,257,92,12
27,长椿街,116.3578,39.8977,2,0,0,0,0,0,0,0,0,0,1,30,77,154,301,494,692,738,687,682,623,624,635,557,503,519,520,497,504,514,475,513,481,489,459,576,516,421,338,306,223,195,185,181,161,137,83,12
28,宣武门,116.3692,39.8983,0,0,0,0,0,0,0,0,0,0,2,26,45,68,129,195,285,354,352,349,367,377,361,369,389,372,373,332,356,371,376,402,379,503,529,611,622,519,397,384,444,376,333,264,314,336,148,21
29,和平门,116.3789,39.8986,0,0,0,0,0,0,0,0,0,0,2,9,22,40,80,186,239,250,252,272,204,228,182,168,180,180,190,206,203,191,185,179,170,208,210,263,258,236,115,115,113,88,86,81,93,67,35,5
30,前门,116.3928,39.8994,2,0,0,0,0,0,0,0,0,0,0,12,49,88,164,258,409,432,402,441,458,390,419,416,388,400,425,507,607,597,667,597,696,701,711,789,757,678,519,450,402,375,352,317,275,174,79,24
31,崇文门,116.412,39.9005,3,0,0,0,0,0,0,0,0,0,7,21,57,103,192,324,452,642,590,640,627,697,690,737,775,748,858,871,966,1059,1118,1141,1267,1363,1456,1444,1499,1376,1227,1118,1079,1059,1016,1004,1047,806,373,52
32,北京站,116.4212,39.9041,32,0,0,0,0,0,0,0,0,0,118,536,1450,1136,1150,881,1038,1109,1262,1151,976,1046,1255,1277,1199,1137,1149,1105,1094,1163,1311,1315,1413,1357,1200,1106,1449,1453,1115,1179,920,1097,1049,979,1023,892,853,456
33,朝阳门,116.429,39.9225,6,0,0,0,0,0,0,0,0,0,2,25,74,101,111,212,296,415,347,411,450,514,468,434,473,504,506,555,517,591,588,671,765,917,901,1123,1303,1338,1166,886,671,697,646,718,615,458,231,38
34,东四十条,116.4281,39.9317,1,0,1,0,0,0,0,0,0,0,1,11,58,69,109,197,175,230,283,303,323,447,390,343,383,424,411,478,465,511,493,468,453,493,499,601,647,599,470,389,289,288,281,555,481,320,169,25
35,东直门,116.4272,39.9392,10,1,0,0,0,0,0,0,0,0,1,46,132,251,560,897,1147,1257,1217,1412,1402,1487,1423,1338,1417,1340,1369,1360,1433,1342,1430,1416,1492,1495,1561,1613,1592,1478,1493,1311,1160,1045,966,999,944,714,394,63
36,雍和宫,116.4106,39.9481,2,0,0,0,0,0,0,0,0,0,1,14,27,43,79,158,207,280,223,287,388,390,517,594,643,645,717,683,598,497,578,514,608,616,646,655,554,551,428,375,297,229,233,219,214,185,104,27
37,安定门,116.4022,39.9479,0,0,0,0,0,0,0,0,0,0,1,9,35,71,100,186,247,307,281,341,324,326,329,305,311,306,259,306,289,333,277,325,366,289,354,372,373,380,293,226,199,196,196,225,169,145,62,6
38,鼓楼大街,116.3893,39.9477,0,0,0,0,0,0,0,0,0,0,2,19,43,70,134,224,337,460,359,357,393,361,296,315,306,299,314,376,351,372,308,309,405,394,416,501,503,390,302,261,257,187,209,244,227,156,79,15
39,积水潭,116.3666,39.9473,0,0,0,0,0,0,0,0,0,0,6,18,72,146,417,589,782,953,919,979,1037,1042,1060,1041,1045,1042,1124,994,1027,1046,1054,1043,1085,1189,1173,1230,1254,1216,950,709,616,569,468,447,320,298,133,14
40,安河桥北,116.264,40.0101,0,0,0,0,0,0,0,0,0,0,2,7,48,86,175,312,416,506,455,498,516,462,451,422,350,326,323,344,253,296,259,290,244,262,253,233,257,239,187,188,132,127,88,104,90,52,27,5
41,北宫门,116.2713,39.9999,1,0,0,0,0,0,0,0,0,1,1,10,53,122,274,485,661,849,721,701,700,666,669,645,550,575,599,548,635,548,475,488,548,582,652,618,614,456,341,264,210,144,161,145,102,60,24,1
42,西苑,116.2859,39.9958,0,0,0,0,0,0,0,0,0,0,2,23,47,102,160,342,411,656,549,550,513,518,525,467,510,429,452,461,424,355,406,345,407,364,438,394,432,401,304,176,176,135,123,130,112,86,20,5
43,圆明园,116.3042,39.9972,0,0,0,0,0,0,0,0,0,0,0,7,19,45,76,121,216,262,248,333,253,286,258,198,191,194,205,284,259,265,266,290,301,307,397,383,381,271,241,119,94,64,89,50,58,41,29,2
44,北京大学东门,116.3095,39.9894,0,0,0,0,0,0,0,0,0,0,0,5,34,61,95,153,189,272,264,262,304,362,354,419,390,412,384,431,365,396,353,361,356,447,436,564,506,399,331,257,218,171,192,228,196,136,50,4
45,中关村,116.3099,39.9833,0,0,0,0,0,0,0,0,0,0,0,6,30,22,72,122,124,173,173,224,273,314,404,463,495,551,624,557,603,669,712,762,792,851,934,963,1132,1214,1172,961,766,566,472,400,337,228,98,14
46,海淀黄庄,116.3105,39.974,2,1,0,0,0,0,0,0,0,0,1,4,27,52,89,175,209,301,359,334,403,462,521,554,613,875,768,793,804,873,863,1015,1161,1260,1479,1657,1551,1533,1350,1225,1096,1080,1238,1311,1112,655,250,26
47,人民大学,116.3151,39.965,1,1,0,0,0,0,0,0,0,0,1,10,45,72,107,221,252,336,307,361,374,430,440,420,509,471,523,554,552,574,570,694,823,997,978,1030,848,861,774,662,601,591,528,512,440,500,259,22
48,魏公村,116.3167,39.955,3,0,0,0,0,0,0,0,0,0,1,8,22,71,82,172,229,300,273,400,479,497,530,527,493,494,573,641,604,575,619,736,639,671,828,744,738,665,588,430,399,331,379,389,314,247,122,12
49,国家图书馆,116.3187,39.9412,0,0,0,0,0,0,0,0,0,0,0,6,36,58,89,132,185,228,198,259,282,345,298,343,369,373,374,362,355,385,444,443,490,605,835,748,560,436,330,265,205,194,204,277,276,160,78,10
50,动物园,116.334,39.9364,0,0,0,0,0,0,0,0,0,0,0,3,17,30,49,67,103,150,121,192,206,247,323,390,467,521,639,755,830,1113,1165,1326,1460,1805,2071,2190,1653,1001,423,278,162,135,87,97,79,110,186,43
51,新街口,116.3613,39.9391,0,0,0,0,0,0,0,0,0,0,0,9,20,37,84,140,166,220,217,227,204,181,209,217,192,202,223,226,221,202,236,231,307,309,261,287,275,246,239,160,155,129,124,122,108,66,21,11
52,平安里,116.3666,39.9317,3,0,0,0,0,0,0,0,0,0,0,7,33,77,117,174,261,326,346,374,366,374,316,283,352,387,342,371,386,371,413,404,385,425,509,609,495,443,380,302,305,326,282,278,223,140,79,23
53,西四,116.3672,39.9228,0,0,0,0,0,0,0,0,0,0,0,4,12,48,56,95,125,185,185,221,227,224,180,270,340,263,221,240,207,234,264,307,302,376,455,426,440,387,262,179,129,149,147,308,316,124,47,7
54,灵境胡同,116.3675,39.9148,5,0,0,0,0,0,0,0,0,0,0,5,35,28,49,97,127,158,169,145,170,180,180,222,220,197,184,240,319,337,395,459,411,455,548,605,639,514,511,439,439,367,424,441,417,476,181,19
55,菜市口,116.3682,39.8879,1,2,0,0,0,0,0,0,0,0,0,10,33,52,85,161,221,247,248,287,295,294,326,277,248,264,249,297,314,373,305,273,296,307,330,397,384,299,237,153,180,167,195,179,178,162,56,20
56,陶然亭,116.3684,39.877,2,0,0,0,0,0,0,0,0,0,1,19,55,95,183,355,471,614,533,552,626,619,610,554,489,501,456,480,508,537,497,474,409,534,537,578,625,448,367,282,206,222,204,211,155,153,111,25
57,北京南站,116.3733,39.8633,10,0,0,0,0,0,0,0,0,0,1,19,86,90,248,472,841,1133,931,982,1147,1236,1338,1145,1066,1296,1613,1777,1916,1771,2009,2043,2092,2048,2059,1821,1883,1590,1583,1702,1744,1556,1454,1359,1125,880,626,169
58,马家堡,116.3657,39.8518,0,0,0,0,0,0,0,0,0,0,4,24,54,89,170,296,432,540,452,444,443,437,423,374,298,345,345,378,359,407,324,278,292,313,315,413,353,319,236,223,182,173,190,177,169,146,60,12
59,角门西,116.3657,39.8445,1,0,0,0,0,0,0,0,0,0,5,34,68,123,241,448,648,786,625,724,662,640,579,495,477,481,562,502,540,543,453,419,369,419,437,439,448,387,376,285,252,261,248,228,192,163,109,20
60,公益西桥,116.3658,39.834,2,0,0,0,0,0,0,0,0,0,3,30,86,97,231,422,553,672,525,571,592,506,521,564,481,491,509,500,501,515,461,488,425,429,415,523,536,520,405,386,298,258,246,327,252,197,94,20
61,天通苑北,116.4057,40.0815,1,0,0,0,0,0,0,0,0,0,5,35,121,329,769,1478,2159,2455,1892,1870,1579,1539,1509,1331,1154,987,974,996,912,785,765,690,633,621,652,645,624,607,445,402,372,287,264,221,174,123,89,6
62,天通苑,116.4057,40.0732,0,0,0,0,0,0,0,0,0,0,5,47,123,294,691,1216,1778,2083,1620,1673,1379,1216,1280,1151,929,947,966,963,887,754,691,589,609,655,638,635,548,577,433,432,308,296,315,273,215,198,130,19
63,天通苑南,116.4057,40.0645,0,0,0,0,0,0,0,0,0,0,4,17,45,71,189,360,497,593,514,552,460,461,425,375,357,332,318,334,365,286,295,247,265,302,291,252,293,252,224,203,203,166,184,160,149,124,60,11
64,立水桥,116.4048,40.0508,1,0,0,0,0,0,0,0,0,0,2,25,89,155,322,563,829,1050,915,958,854,812,719,755,650,628,661,701,655,706,556,598,578,595,664,692,675,656,623,513,437,435,366,370,324,290,159,30
65,立水桥南,116.4075,40.0405,0,0,0,0,0,0,0,0,0,0,0,16,34,52,161,301,426,521,474,492,469,493,448,441,355,352,358,351,349,321,283,234,250,267,288,334,292,296,276,231,175,179,162,154,124,125,75,10
66,北苑路北,116.4112,40.0289,3,0,0,0,0,0,0,0,0,0,1,5,25,71,153,238,297,414,348,425,413,376,447,381,395,318,343,333,340,350,307,350,315,349,367,445,491,549,462,388,309,255,232,283,210,134,78,23
67,大屯路东,116.4101,40.0026,3,0,0,0,0,0,0,0,0,0,1,12,35,69,107,180,284,375,313,407,372,386,366,369,348,332,334,352,344,371,366,389,402,390,471,514,626,628,564,503,393,334,298,370,246,267,154,49
68,惠新西街北口,116.4104,39.9868,5,0,0,0,0,0,0,0,0,0,0,7,36,88,154,240,315,423,417,515,473,423,475,458,450,440,404,457,443,500,486,468,488,566,739,919,825,747,650,504,388,370,353,335,292,305,131,30
69,惠新西街南口,116.4107,39.9758,1,0,0,0,0,0,0,0,0,0,2,6,22,56,121,185,314,396,365,438,411,421,393,435,350,329,365,359,452,411,410,403,353,609,664,624,533,428,412,342,270,302,278,262,221,224,95,19
70,和平西桥,116.4113,39.9676,2,0,0,0,0,0,0,0,0,0,0,4,33,45,97,180,244,316,291,349,328,317,321,312,318,316,294,309,333,321,336,297,328,426,432,469,477,425,343,267,215,229,247,240,207,180,104,23
71,和平里北街,116.4119,39.9579,0,0,0,0,0,0,0,0,0,0,1,5,24,49,88,181,233,298,243,291,296,311,257,241,211,263,250,254,266,260,257,267,212,245,273,312,331,326,259,189,173,177,121,141,130,92,48,17
72,北新桥,116.4105,39.9395,6,0,0,0,0,0,0,0,0,0,0,1,26,49,53,130,174,277,243,232,229,232,215,205,212,234,263,283,295,333,326,328,290,422,396,422,436,387,360,412,365,405,400,482,437,343,294,69
73,张自忠路,116.4108,39.9321,0,0,0,0,0,0,0,0,0,0,0,5,20,32,59,85,138,183,151,165,147,146,154,137,139,178,143,190,126,163,164,174,163,181,217,225,245,161,167,142,153,142,142,164,113,107,78,26
74,东四,116.4128,39.9232,3,0,0,0,0,0,0,0,0,0,0,8,31,35,97,158,190,282,249,256,263,255,274,283,296,352,338,313,355,344,373,361,410,626,549,607,594,421,332,297,296,293,333,295,299,303,129,23
75,灯市口,116.4117,39.9148,2,0,0,0,0,0,0,0,0,0,0,3,10,21,40,80,96,145,136,152,142,160,190,195,169,198,221,195,195,250,281,317,376,404,385,460,445,416,408,302,275,244,279,327,325,368,187,72
76,磁器口,116.4128,39.8918,1,0,0,0,0,0,0,0,0,0,0,0,24,37,78,132,175,221,236,227,248,238,228,267,225,270,238,264,240,270,309,311,330,346,342,430,415,412,350,274,252,227,265,248,183,179,131,21
77,天坛东门,116.4148,39.8815,0,0,0,0,0,0,0,0,0,0,0,5,21,47,84,177,232,279,266,250,289,301,319,307,321,332,286,274,305,328,334,419,412,531,573,538,529,414,349,261,161,116,114,105,91,85,48,11
78,蒲黄榆,116.4158,39.8644,4,0,0,0,0,0,0,0,0,0,0,25,53,110,245,506,715,904,774,764,696,681,670,645,554,571,556,677,638,602,590,586,539,538,529,597,587,569,449,361,299,290,284,293,303,229,133,35
79,刘家窑,116.4166,39.8557,2,0,0,0,0,0,0,0,0,0,0,22,54,137,319,544,749,970,757,715,731,732,720,687,660,670,717,808,755,726,685,704,690,733,673,680,712,699,585,452,334,285,286,275,200,156,103,29
80,宋家庄,116.4231,39.8448,1,0,0,0,0,0,0,0,0,0,0,30,116,391,477,871,1224,1677,1221,1137,1157,1060,964,850,844,840,781,795,732,768,737,647,609,661,685,714,764,722,589,438,327,310,357,239,184,182,102,33
81,海淀五路居,116.27,39.9307,3,0,0,0,0,0,0,0,0,0,1,10,62,134,252,502,686,864,709,735,716,675,761,663,689,587,558,554,549,475,471,416,443,451,541,500,532,551,497,370,267,233,241,217,174,157,96,28
82,慈寿寺,116.2894,39.9309,0,0,0,0,0,0,0,0,0,0,0,2,22,34,71,136,171,223,180,207,198,191,228,169,168,142,160,145,129,139,137,133,128,156,174,202,147,160,120,101,75,60,58,77,68,58,24,7
83,花园桥,116.3052,39.931,5,0,0,0,0,0,0,0,0,0,0,4,25,42,89,145,179,234,267,326,322,374,379,349,334,366,363,367,327,381,334,376,436,455,509,533,482,520,362,257,208,185,162,159,137,102,52,19
84,白石桥南,116.3205,39.9312,2,0,0,0,0,0,0,0,0,0,0,2,23,42,86,126,191,236,208,263,278,250,302,258,238,222,251,219,235,247,244,217,216,253,314,336,343,393,256,201,182,216,212,199,160,123,88,22
85,车公庄西,116.3387,39.9313,1,0,0,0,0,0,0,0,0,0,0,1,7,22,52,65,120,171,127,166,173,153,161,162,202,200,161,185,224,184,190,199,227,269,296,344,363,312,214,145,130,116,99,103,85,82,80,20
86,北海北,116.3801,39.9313,2,0,0,0,0,0,0,0,0,0,0,0,9,25,35,58,98,127,100,113,159,140,171,204,213,203,187,233,291,277,364,347,367,522,618,603,627,368,300,218,211,230,230,211,161,133,114,28
87,南锣鼓巷,116.3982,39.9315,0,0,0,0,0,0,0,0,0,0,0,1,11,26,39,94,143,185,148,226,243,259,276,319,307,342,377,431,573,663,699,794,831,927,1006,1023,984,821,716,736,676,666,611,559,565,505,304,48
88,东大桥,116.444,39.9222,7,0,0,0,0,0,0,0,0,0,0,1,32,63,78,133,159,228,247,285,311,305,285,359,308,347,347,399,443,393,510,475,589,580,663,725,780,902,751,654,674,596,590,587,611,476,218,39
89,呼家楼,116.4555,39.9223,6,0,0,0,0,0,0,0,0,0,0,5,24,55,81,171,255,345,281,346,337,375,353,392,433,367,348,336,313,354,351,327,415,436,476,546,579,536,475,362,332,307,273,331,267,233,144,44
90,金台路,116.4716,39.9218,7,0,0,0,0,0,0,0,0,0,0,6,35,96,177,288,419,534,445,511,539,538,563,456,458,428,381,440,440,456,474,460,432,495,594,616,605,601,474,336,299,255,295,263,245,208,126,48
91,十里堡,116.496,39.9215,2,0,0,0,0,0,0,0,0,0,0,11,43,146,209,445,657,789,643,723,746,629,663,587,486,507,472,594,501,512,509,496,518,499,523,526,548,493,426,407,325,264,271,283,200,182,112,27
92,青年路,116.5119,39.9217,6,0,0,0,0,0,0,0,0,0,0,11,69,117,219,466,605,761,699,712,650,598,674,611,631,605,641,728,784,763,761,838,879,879,931,966,1090,1055,951,895,854,788,830,883,967,777,376,60
93,褡裢坡,116.558,39.9236,0,0,0,0,0,0,0,0,0,0,0,6,48,83,173,334,507,702,587,551,521,472,456,438,413,363,348,355,322,322,272,262,208,273,262,279,275,261,212,143,127,111,71,95,88,86,57,17
94,黄渠,116.573,39.9241,1,0,0,0,0,0,0,0,0,0,1,11,61,97,177,362,519,647,614,597,570,510,495,420,389,411,361,351,399,366,274,277,235,235,283,284,282,253,200,166,111,140,113,104,115,86,65,15
95,常营,116.5941,39.9255,1,0,0,0,0,0,0,0,0,0,1,11,44,85,169,344,460,596,475,479,460,450,463,452,430,363,413,400,407,424,394,354,347,398,372,497,478,396,352,285,333,302,345,338,343,308,182,26
96,草房,116.6108,39.9241,0,0,0,0,0,0,0,0,0,0,0,20,73,152,322,568,904,1048,912,923,807,793,780,764,734,642,575,627,564,557,494,501,454,439,503,429,415,381,376,309,278,216,190,152,105,108,89,20
97,物资学院路,116.6326,39.9257,2,0,0,0,0,0,0,0,0,0,0,0,1,52,182,343,447,606,529,515,481,444,503,381,404,313,295,310,262,270,249,252,197,199,191,220,250,194,175,144,124,92,97,85,64,60,32,13
98,通州北关,116.6516,39.9236,2,0,0,0,0,0,0,0,0,0,0,0,0,6,19,52,109,104,96,91,78,86,98,81,50,68,62,51,40,49,47,33,51,60,31,47,57,29,43,24,16,23,24,12,13,7,5,0
99,北运河西,116.6675,39.9112,0,0,0,0,0,0,0,0,0,0,0,0,4,21,85,191,243,276,274,209,259,241,256,203,167,151,132,131,156,151,114,96,122,106,126,108,105,96,71,64,56,64,47,38,26,34,10,5
100,郝家府,116.6804,39.9037,0,0,0,0,0,0,0,0,0,0,0,0,0,4,19,17,49,53,47,37,26,46,29,33,18,11,24,16,25,9,9,15,10,17,22,19,20,25,11,8,10,10,7,6,7,4,1,0
101,东夏园,116.7164,39.9039,0,0,0,0,0,0,0,0,0,0,0,0,0,1,23,31,48,74,51,49,42,55,41,48,23,31,30,22,24,34,17,21,21,23,19,18,18,22,21,13,17,3,2,4,7,6,1,1
102,潞城,116.7472,39.9033,0,0,0,0,0,0,0,0,0,0,0,0,2,1,26,52,64,100,74,92,76,83,78,56,55,54,41,50,43,46,58,43,50,53,42,60,52,56,26,32,32,17,19,17,17,13,9,0
103,北京西站,116.3153,39.8925,26,1,0,0,0,0,0,0,0,0,4,75,503,1033,1053,1071,1126,1231,1152,1151,1213,1255,1318,1268,1210,1151,1471,1391,1500,1319,1408,1389,1311,1468,1632,1696,1668,1632,1713,1609,1338,1195,1272,1681,1758,1786,1208,302
104,湾子,116.3225,39.888,2,0,0,0,0,0,0,0,0,0,0,0,16,35,68,147,185,258,225,257,248,243,279,229,207,176,196,204,205,201,247,216,209,218,225,293,298,286,243,176,142,95,121,118,84,71,50,14
105,达官营,116.3314,39.8879,0,0,0,0,0,0,0,0,0,0,0,0,21,50,131,201,337,413,357,413,395,433,404,362,276,256,275,373,346,355,328,297,296,277,329,307,305,267,250,191,173,136,134,137,218,135,64,15
106,广安门内,116.3534,39.8873,0,0,0,0,0,0,0,0,0,0,0,2,15,39,69,128,150,213,194,239,288,284,327,311,349,331,317,324,309,281,314,321,381,366,389,373,365,319,258,202,163,141,178,156,119,91,44,6
107,虎坊桥,116.3794,39.8877,0,0,0,0,0,0,0,0,0,0,0,4,7,19,22,51,89,98,97,116,116,143,120,124,141,102,108,140,132,128,150,105,112,155,128,158,114,98,97,76,66,79,83,94,64,52,62,7
108,珠市口,116.3932,39.8894,0,0,0,0,0,0,0,0,0,0,0,1,6,12,30,34,53,77,66,85,128,116,96,122,117,118,127,171,117,135,146,177,164,175,136,140,148,159,106,72,84,74,73,69,48,44,28,0
109,桥湾,116.4012,39.8909,1,0,0,0,0,0,0,0,0,0,0,3,19,18,24,36,47,66,72,69,69,68,78,64,101,46,37,53,45,43,59,60,60,91,90,104,90,73,93,53,36,60,112,110,66,41,23,10
110,广渠门内,116.4231,39.8926,0,0,0,0,0,0,0,0,0,0,0,5,21,63,73,131,173,231,177,225,242,216,235,218,188,195,257,195,170,205,219,196,237,219,244,262,268,241,190,193,155,110,129,167,106,107,44,5
111,广渠门外,116.4336,39.8926,0,0,0,0,0,0,0,0,0,0,0,3,16,29,62,102,134,155,152,150,144,130,147,135,127,122,154,129,134,123,117,131,132,119,113,177,173,140,103,100,77,59,71,72,45,46,12,5
112,九龙山,116.4734,39.8923,1,0,0,0,0,0,0,0,0,0,0,1,5,6,45,63,70,88,96,106,111,100,111,107,117,124,105,128,102,102,107,101,96,119,113,140,143,165,121,106,72,72,85,77,61,46,19,12
113,大郊亭,116.4833,39.8922,0,0,0,0,0,0,0,0,0,0,0,0,16,18,25,30,44,54,66,71,74,67,81,73,70,77,74,72,57,93,85,72,88,114,90,136,169,152,123,144,95,50,44,54,46,38,8,1
114,百子湾,116.4895,39.8923,0,0,0,0,0,0,0,0,0,0,0,0,12,22,43,97,108,189,148,158,154,151,148,115,115,135,121,126,95,124,133,115,105,126,108,149,176,139,136,91,72,53,63,58,51,51,22,2
115,化工,116.4982,39.887,0,0,0,0,0,0,0,0,0,0,0,0,2,1,3,7,5,8,39,8,5,9,2,4,5,7,6,4,10,4,9,3,5,6,7,9,8,5,8,2,3,1,1,1,0,2,0,0
116,南楼梓庄,116.4967,39.8739,0,0,0,0,0,0,0,0,0,0,0,2,9,34,50,67,120,149,108,95,98,107,105,111,76,99,93,88,97,91,95,98,88,86,100,92,110,92,86,50,36,57,29,30,23,16,4,1
117,欢乐谷景区,116.495,39.8686,0,0,0,0,0,0,0,0,0,0,0,1,15,21,68,121,169,223,169,194,157,194,171,146,148,132,135,154,152,167,145,147,182,225,233,341,294,290,299,239,160,112,106,78,70,59,27,2
118,双合,116.524,39.8582,0,0,0,0,0,0,0,0,0,0,0,2,13,28,65,91,154,196,115,123,124,131,111,105,66,62,73,85,61,53,86,64,45,37,61,76,46,35,35,25,14,25,30,38,17,24,9,1
119,焦化厂,116.5352,39.8529,0,0,0,0,0,0,0,0,0,0,0,2,5,17,10,40,65,87,75,92,83,90,91,80,50,45,47,51,44,34,32,32,52,49,51,53,58,38,42,39,23,28,19,13,9,13,7,0
120,朱辛庄,116.3062,40.1024,0,0,0,0,0,0,0,0,0,0,0,3,19,69,138,310,499,616,558,524,486,423,431,389,361,297,295,290,294,305,222,217,187,175,239,203,226,202,155,136,67,70,65,70,50,40,17,2
121,育知路,116.3214,40.0889,0,0,0,0,0,0,0,0,0,0,1,1,11,28,48,110,141,218,186,185,199,167,221,153,140,143,135,141,136,126,144,147,145,140,127,175,144,92,93,76,46,69,61,45,54,30,7,1
122,平西府,116.3441,40.088,0,0,0,0,0,0,0,0,0,0,0,0,14,20,53,112,140,210,172,180,180,126,141,123,126,97,111,111,89,82,80,70,44,67,63,88,72,88,70,37,37,46,18,30,32,12,2,0
123,回龙观东大街,116.3566,40.0797,0,0,0,0,0,0,0,0,0,0,5,9,34,66,186,339,648,765,662,690,617,655,612,519,481,407,404,452,383,411,393,361,288,311,313,287,333,295,262,265,168,124,135,168,128,68,26,7
124,霍营,116.3515,40.0694,0,0,0,0,0,0,0,0,0,0,3,29,69,142,298,557,915,1260,1061,1110,968,928,895,818,673,631,612,619,561,528,456,396,409,384,418,459,403,328,339,302,210,200,179,158,151,105,77,11
125,育新,116.34,40.0586,0,0,0,0,0,0,0,0,0,0,4,8,33,98,202,323,519,604,546,626,629,665,636,517,437,441,475,455,443,489,367,362,351,332,378,441,376,402,359,291,218,202,246,199,167,162,67,14
126,西小口,116.3445,40.045,0,0,0,0,0,0,0,0,0,0,0,3,11,20,29,62,115,146,145,131,172,129,151,147,151,95,130,112,92,121,99,107,104,114,131,143,155,157,112,114,84,65,53,48,33,34,15,1
127,永泰庄,116.3477,40.0349,0,0,0,0,0,0,0,0,0,0,2,12,34,85,169,273,453,607,518,562,583,540,542,492,348,402,431,397,418,423,370,327,335,356,315,312,307,321,279,205,219,204,187,178,180,128,55,11
128,林萃桥,116.3674,40.0199,0,0,0,0,0,0,0,0,0,0,1,1,13,15,39,78,121,148,121,134,147,161,137,144,130,130,101,103,102,131,123,162,134,122,148,165,140,170,132,92,98,66,68,67,59,29,21,2
129,森林公园南门,116.386,40.0077,0,0,0,0,0,0,0,0,0,0,0,0,0,2,5,19,20,38,92,124,169,179,248,356,300,354,210,178,172,160,191,274,354,505,552,532,465,328,216,112,76,117,109,83,39,18,3,1
130,奥林匹克公园,116.3864,40.0005,0,0,0,0,0,0,0,0,0,0,1,3,12,10,18,41,69,102,134,136,119,156,217,340,463,597,747,848,984,1224,1404,1607,1816,2103,2185,2197,2106,1940,1812,2095,2680,3274,2809,1853,1130,560,150,15
131,奥体中心,116.3875,39.9854,0,0,0,0,0,0,0,0,0,0,0,0,1,1,7,9,15,18,20,30,41,39,74,93,84,131,151,151,148,195,217,187,263,281,318,382,358,316,352,397,356,470,471,393,190,58,15,1
132,北土城,116.387,39.9758,0,0,0,0,0,0,0,0,0,0,0,4,5,28,53,102,178,185,183,188,218,197,198,192,153,160,180,173,180,190,212,185,205,209,283,283,294,231,208,185,135,132,104,148,123,103,39,3
133,安华桥,116.3882,39.9672,0,0,0,0,0,0,0,0,0,0,0,8,17,28,64,100,186,240,191,261,246,265,217,199,191,206,213,202,219,250,210,262,273,280,320,304,327,251,282,193,154,141,114,136,137,110,47,4
134,什刹海,116.3877,39.9414,0,0,0,0,0,0,0,0,0,0,0,1,3,4,11,30,65,76,65,73,84,99,84,100,99,135,177,218,240,308,330,392,476,584,643,623,587,522,405,394,368,373,338,403,438,349,171,6
135,白堆子,116.3196,39.9216,1,0,0,0,0,0,0,0,0,0,0,0,22,26,54,104,194,231,178,208,238,283,281,249,279,214,218,219,243,342,389,382,312,276,271,277,326,232,186,173,119,109,115,99,88,66,25,8
136,六里桥东,116.3097,39.8848,3,1,0,0,0,0,0,0,0,1,1,1,71,186,452,711,981,1095,904,928,960,898,875,872,793,815,792,837,734,691,676,603,638,689,712,765,720,706,632,465,371,400,301,236,199,145,93,22
137,六里桥,116.299,39.8794,1,0,0,0,0,0,0,0,0,0,0,4,82,123,160,266,357,425,347,326,273,292,285,283,293,269,260,290,377,411,446,412,457,387,412,474,460,341,260,219,224,183,179,176,130,103,76,12
138,七里庄,116.2876,39.8646,2,0,0,0,0,0,0,0,0,0,0,4,30,55,112,203,257,324,285,280,346,387,337,288,295,286,282,304,338,294,318,324,298,284,313,349,362,291,242,191,156,154,158,196,134,112,51,14
139,丰台东大街,116.2893,39.8534,0,0,0,0,0,0,0,0,0,0,0,1,18,41,90,175,224,272,217,221,209,235,231,189,196,162,172,177,188,167,151,127,143,141,133,169,172,138,126,84,94,65,65,77,54,32,15,1
140,丰台南路,116.2914,39.8394,0,0,0,0,0,0,0,0,0,0,0,5,50,110,163,313,383,492,415,357,373,407,385,305,280,280,284,253,224,269,202,184,161,183,223,212,193,170,192,137,109,104,111,71,93,82,42,8
141,科怡路,116.2935,39.8308,0,0,0,0,0,0,0,0,0,0,0,0,26,39,82,152,186,259,220,212,247,277,284,252,201,185,207,182,181,166,183,173,168,171,170,221,211,199,139,124,109,95,81,78,72,60,33,8
142,丰台科技园,116.2929,39.8227,0,0,0,0,0,0,0,0,0,0,0,1,5,12,13,23,36,61,53,60,65,83,78,81,83,93,85,77,78,109,128,148,127,124,114,159,267,262,177,148,78,89,45,51,36,27,13,4
143,郭公庄,116.2967,39.8119,0,0,0,0,0,0,0,0,0,0,0,2,10,19,30,60,86,102,110,105,88,100,101,68,72,56,65,67,72,80,67,77,65,65,85,85,66,68,45,31,28,26,26,33,14,10,13,3
144,巴沟,116.2803,39.9701,2,0,0,0,0,0,0,0,0,0,1,4,11,14,24,47,84,89,96,99,109,103,102,111,113,154,136,193,224,207,183,218,222,218,236,267,281,332,272,238,263,223,232,262,293,152,29,0
145,苏州街,116.289,39.9724,4,0,0,0,0,0,0,0,0,0,1,10,27,40,87,174,236,327,339,346,439,368,468,449,447,463,427,406,446,394,430,430,514,653,750,779,792,790,755,576,484,437,400,354,296,217,87,3
146,知春里,116.3225,39.974,0,0,0,0,0,0,0,0,0,0,2,2,4,31,59,91,134,156,136,181,206,185,195,158,207,181,154,147,149,189,140,143,169,244,279,279,251,212,218,144,101,104,111,86,93,64,26,3
147,知春路,116.3343,39.974,7,1,0,0,0,0,0,0,0,0,0,10,31,67,136,244,341,375,414,471,458,561,546,500,507,496,480,510,563,508,534,464,571,603,594,672,627,670,642,524,377,391,446,360,333,278,118,24
148,西土城,116.3473,39.9753,0,0,0,0,0,0,0,0,0,0,0,3,13,34,100,201,249,336,363,397,444,442,425,463,445,445,360,323,327,422,375,445,493,516,602,650,574,583,509,357,296,204,231,212,179,148,58,7
149,牡丹园,116.3633,39.9756,0,0,0,0,0,0,0,0,0,0,1,11,23,66,175,256,380,498,463,529,516,522,488,522,452,451,470,466,531,571,482,534,546,626,628,738,621,695,578,491,398,404,478,448,405,348,136,12
150,健德门,116.3748,39.9757,2,0,0,0,0,0,0,0,0,0,0,4,30,42,157,274,350,430,382,396,397,305,400,394,406,380,403,393,425,390,388,403,382,429,467,601,615,549,464,384,310,257,301,272,255,209,87,9
151,安贞门,116.4005,39.9757,2,0,0,0,0,0,0,0,0,0,0,2,6,43,73,130,214,284,245,261,289,302,248,273,252,219,190,228,229,220,230,227,246,213,300,321,303,264,260,171,139,145,140,145,108,107,33,10
152,芍药居,116.4302,39.9762,2,0,0,0,0,0,0,0,0,0,0,11,23,86,202,442,543,727,614,671,617,537,588,604,473,481,514,568,512,529,436,463,445,570,672,693,622,623,505,387,282,264,230,262,202,190,106,22
153,太阳宫,116.4407,39.9716,3,0,0,0,0,0,0,0,0,0,0,7,35,80,162,247,396,548,483,553,504,488,480,450,415,418,421,504,485,520,465,452,390,422,478,541,529,646,558,402,441,422,358,376,373,244,106,14
154,三元桥,116.4533,39.9628,3,1,0,0,0,0,0,0,0,0,0,3,32,95,268,361,536,622,594,588,561,518,564,596,658,619,644,639,613,676,593,735,639,754,758,941,988,1023,931,768,685,560,528,544,491,409,218,49
155,亮马桥,116.4559,39.9469,2,0,0,0,0,0,0,0,0,0,1,8,27,73,131,259,372,480,374,408,384,463,417,428,393,389,378,430,391,422,416,449,566,607,599,702,716,714,600,475,472,490,479,571,579,536,299,46
156,农业展览馆,116.4559,39.9399,2,0,0,0,0,0,0,0,0,0,0,3,11,15,40,80,91,106,94,126,122,145,204,266,336,375,392,395,332,361,359,427,379,263,277,412,213,177,107,76,57,72,68,59,64,56,34,4
157,团结湖,116.4555,39.9332,6,0,0,0,0,0,0,0,0,0,0,4,44,82,156,224,348,387,368,438,411,412,415,433,470,499,532,540,543,552,602,659,718,762,854,1032,1030,1046,913,764,726,764,803,821,705,757,493,82
158,金台夕照,116.4559,39.9154,4,1,0,0,0,0,0,0,0,0,0,0,13,33,29,33,77,111,108,126,136,141,169,191,188,185,167,212,218,213,279,275,331,312,423,462,497,604,520,444,395,314,334,405,363,279,162,37
159,双井,116.4556,39.8839,7,0,0,0,0,0,0,0,0,0,0,3,56,113,182,366,622,785,681,722,662,645,671,715,666,728,758,797,782,835,839,839,842,932,956,1113,1015,1208,1084,897,766,721,739,722,677,603,316,66
160,劲松,116.4555,39.8746,7,0,0,0,0,0,0,0,0,0,0,8,52,169,308,640,896,1132,982,1050,982,991,847,915,801,801,793,842,792,867,812,782,755,814,875,938,890,889,721,569,506,494,430,421,359,267,159,38
161,大钟寺,116.3393,39.9656,2,1,0,0,0,0,0,0,0,0,0,3,20,29,38,78,112,167,179,155,203,241,243,292,293,305,329,266,307,298,342,430,433,446,704,679,748,718,640,535,389,348,606,846,452,245,124,37
162,五道口,116.3317,39.9905,9,2,0,0,0,0,0,0,0,0,1,27,62,58,132,234,332,390,428,520,586,653,630,596,663,748,909,976,946,1088,968,1027,924,948,1112,1221,1345,1327,1295,991,994,919,965,1022,901,683,349,72
163,上地,116.3132,40.0316,0,0,0,0,0,0,0,0,0,0,1,19,52,114,295,562,686,853,784,853,807,884,829,826,751,746,692,691,649,639,666,579,531,525,590,593,647,648,598,473,436,332,336,377,267,245,159,24
164,西二旗,116.2985,40.0509,6,1,0,0,0,0,0,0,0,0,0,3,42,90,284,474,664,812,771,909,918,950,909,873,870,859,900,926,969,833,811,800,786,739,826,995,1082,1081,977,785,510,434,581,507,354,224,154,21
165,龙泽,116.3136,40.0691,0,0,0,0,0,0,0,0,0,0,1,4,45,149,431,783,1118,1266,1071,1272,1162,1070,1012,938,943,820,783,741,707,695,629,549,603,565,654,606,635,527,463,381,331,267,251,240,240,156,92,7
166,回龙观,116.3292,40.0688,0,0,0,0,0,0,0,0,0,0,1,8,46,138,367,662,1001,1381,1087,1223,1082,1101,1021,946,849,837,833,900,769,799,642,616,630,698,678,647,637,523,518,386,427,368,337,356,309,228,84,12
167,北苑,116.4277,40.0412,0,0,0,0,0,0,0,0,0,0,2,4,27,55,104,192,295,412,335,352,317,302,271,307,263,223,247,234,247,234,233,178,207,206,216,272,263,275,238,150,150,120,128,129,121,90,41,13
168,望京西,116.4409,39.9941,4,1,0,0,0,0,0,0,0,0,0,6,21,46,95,172,201,303,283,309,322,314,350,349,375,381,407,434,431,447,383,345,317,372,432,444,445,493,423,333,283,213,202,225,125,102,67,13
169,光熙门,116.4258,39.9693,0,0,0,0,0,0,0,0,0,0,0,4,25,67,178,257,370,471,419,387,392,410,371,371,314,284,300,299,344,266,288,286,352,376,373,420,412,395,325,275,206,170,164,181,162,169,71,13
170,柳芳,116.4262,39.9567,1,0,0,0,0,0,0,0,0,0,0,3,19,19,55,92,142,172,193,161,198,211,162,162,150,147,173,173,169,184,185,193,194,302,303,311,269,315,294,201,149,141,139,222,206,101,52,9
171,张郭庄,116.184,39.8574,1,0,0,0,0,0,0,0,0,0,0,1,6,23,67,114,216,243,192,162,171,156,141,111,93,81,68,66,83,75,67,63,67,58,58,56,72,73,41,24,25,29,12,10,12,15,3,1
172,园博园,116.2082,39.8619,0,0,0,0,0,0,0,0,0,0,0,0,2,2,11,29,36,59,50,48,39,27,56,47,33,36,25,26,37,40,31,23,31,43,38,53,46,37,27,13,20,8,8,3,9,8,3,0
173,大瓦窑,116.2306,39.8656,0,0,0,0,0,0,0,0,0,0,0,3,12,22,83,134,196,178,141,138,122,102,100,79,84,80,86,102,69,79,57,65,55,60,76,74,90,83,49,44,28,24,45,13,33,45,18,0
174,郭庄子,116.2474,39.8655,0,0,0,0,0,0,0,0,0,0,0,0,13,19,56,101,178,186,125,140,135,117,139,126,102,75,83,63,98,86,74,76,58,66,70,91,86,76,59,44,52,42,36,27,33,15,3,0
175,大井,116.2717,39.8633,0,0,0,0,0,0,0,0,0,0,0,0,12,19,50,86,121,149,134,122,120,102,125,87,84,83,86,60,62,77,52,81,60,64,73,48,61,56,63,42,36,35,46,27,24,15,5,0
176,西局,116.2983,39.8654,0,0,0,0,0,0,0,0,0,0,0,1,17,37,91,164,203,267,224,204,210,190,217,185,216,165,189,189,224,228,184,196,162,207,277,261,229,211,211,133,107,93,84,82,73,46,28,4
177,朝阳公园,116.4783,39.9337,0,0,0,0,0,0,0,0,0,0,0,0,0,0,0,0,0,0,0,0,0,0,0,0,0,0,0,0,0,0,0,0,0,0,0,0,0,0,0,0,0,0,0,0,0,0,0,0
178,枣营,116.4727,39.9337,0,0,0,0,0,0,0,0,0,0,0,0,1,8,8,28,22,36,30,44,43,43,48,50,49,45,45,57,74,71,57,92,93,128,123,125,141,151,141,145,204,203,251,286,258,206,90,4
179,东风北桥,116.4685,39.9429,0,0,0,0,0,0,0,0,0,0,0,0,1,7,18,21,43,54,59,62,50,54,64,66,61,53,50,48,57,66,48,40,60,59,68,61,60,69,57,44,33,25,27,26,20,16,4,1
180,将台,116.4802,39.9621,0,0,0,0,0,0,0,0,0,0,0,0,4,22,70,88,130,174,156,182,181,244,237,230,233,150,191,208,240,261,221,242,200,240,267,306,315,323,293,245,187,182,183,174,152,153,88,10
181,望京南,116.471,39.9867,0,0,0,0,0,0,0,0,0,0,0,0,1,9,30,23,53,74,64,78,86,93,123,143,112,112,143,106,134,145,160,146,191,194,193,229,258,232,192,159,142,126,109,135,110,65,47,5
182,阜通,116.4643,39.9906,0,0,0,0,0,0,0,0,0,0,0,0,1,12,34,34,39,46,56,69,62,76,91,75,98,78,82,96,118,143,124,143,154,112,130,144,157,136,155,166,142,102,90,72,94,83,30,1
183,望京,116.4615,39.9975,4,0,0,0,0,0,0,0,0,0,0,4,13,53,86,129,240,285,238,306,257,293,285,328,263,305,350,292,348,328,351,362,370,371,445,429,535,550,541,473,480,350,344,391,340,256,109,18
184,东湖渠,116.4608,40.0124,0,0,0,0,0,0,0,0,0,0,0,0,2,12,35,44,54,92,68,73,108,91,106,133,103,92,86,97,127,124,130,147,147,171,182,221,276,227,184,134,116,95,114,108,105,68,34,0
185,来广营,116.4611,40.0224,0,0,0,0,0,0,0,0,0,0,0,0,2,4,14,14,51,53,45,59,60,49,65,65,56,55,63,44,55,60,57,41,71,87,75,82,79,98,82,72,45,26,27,17,25,25,2,0
186,善各庄,116.4699,40.0286,0,0,0,0,0,0,0,0,0,0,0,1,1,5,12,17,17,33,27,47,26,24,11,22,15,13,18,12,14,28,14,10,6,11,14,12,11,10,11,8,3,10,8,6,2,4,1,0
187,清华东路西口,116.3322,39.999,0,0,0,0,0,0,0,0,0,0,0,0,2,6,10,23,57,59,96,131,59,113,88,114,89,73,101,104,89,105,72,84,88,74,96,145,153,153,146,78,68,69,58,57,68,51,32,11
188,六道口,116.3607,40.0001,1,0,0,0,0,0,0,0,0,0,0,1,2,27,29,79,121,153,144,193,212,240,188,192,213,206,254,215,234,223,202,210,215,266,307,291,334,261,264,222,160,110,129,95,98,77,46,5
189,北沙滩,116.3715,40.0001,0,0,0,0,0,0,0,0,0,0,0,0,4,20,47,87,120,184,137,165,146,184,182,180,178,174,183,159,130,109,167,143,157,184,183,176,180,140,118,130,108,89,68,55,46,41,24,4
190,安立路,116.4019,40.001,0,0,0,0,0,0,0,0,0,1,0,0,8,8,19,52,58,91,96,105,109,116,120,120,132,142,120,140,113,142,162,145,140,150,173,182,207,174,180,130,138,77,102,93,84,74,33,8
191,关庄,116.4235,39.9997,0,0,0,0,0,0,0,0,0,0,0,0,4,6,12,27,42,47,36,43,46,55,42,32,33,25,40,37,26,35,24,29,33,36,36,56,49,56,30,31,24,25,15,14,7,6,8,1
192,崔各庄,116.4858,40.0216,0,0,0,0,0,0,0,0,0,0,0,0,11,27,73,105,160,182,148,169,145,148,138,112,112,95,88,88,98,86,80,84,79,75,82,115,65,69,57,46,46,31,25,24,32,20,8,1
193,马泉营,116.497,40.0333,0,0,0,0,0,0,0,0,0,0,0,3,13,36,93,170,264,316,269,232,167,192,139,180,145,156,190,191,201,221,180,183,213,294,278,276,245,270,222,206,122,129,121,138,119,54,19,1
194,孙河,116.5263,40.0414,0,0,0,0,0,0,0,0,0,0,0,2,19,26,33,64,95,95,83,79,80,87,86,71,68,74,57,58,58,51,48,31,56,52,49,50,62,102,101,54,57,29,11,11,9,11,4,4
195,国展,116.5482,40.0688,1,0,0,0,0,0,0,0,0,0,0,2,12,31,65,91,111,99,119,142,132,155,170,169,166,155,198,198,203,237,205,261,296,344,361,448,641,568,456,245,124,93,83,66,65,33,11,2
196,花梨坎,116.5501,40.0839,0,0,0,0,0,0,0,0,0,0,0,1,4,20,56,102,167,190,184,160,171,143,162,148,127,118,101,113,104,136,90,93,91,76,113,116,107,123,93,75,59,52,31,37,16,10,17,2
197,后沙峪,116.5558,40.1137,0,0,0,0,0,0,0,0,0,0,0,0,8,21,77,157,256,305,271,304,296,272,243,228,214,220,200,199,232,233,177,143,165,203,194,208,238,186,142,130,85,63,61,60,50,35,13,3
198,南法信,116.6028,40.1279,0,0,0,0,0,0,0,0,0,0,0,1,4,25,53,81,105,139,119,112,106,113,110,119,82,69,74,91,70,86,79,60,61,57,88,82,66,82,68,71,45,30,31,20,18,19,8,3
199,石门,116.6337,40.1293,0,0,0,0,0,0,0,0,0,0,0,0,5,21,79,153,206,218,182,181,165,165,173,177,125,128,124,149,139,118,126,133,105,139,123,143,144,125,106,112,115,72,66,73,61,41,13,0
200,顺义,116.6496,40.1301,0,0,0,0,0,0,0,0,0,0,0,2,8,50,156,335,474,484,458,460,459,514,485,406,399,337,297,303,298,304,289,302,298,341,347,301,285,267,220,231,186,169,187,178,108,80,45,5
201,俸伯,116.6758,40.1322,0,0,0,0,0,0,0,0,0,0,0,5,14,87,243,428,549,486,340,331,298,342,266,231,224,179,134,140,151,154,184,167,164,130,152,146,137,141,144,93,92,69,65,51,31,17,12,2
202,潘家园,116.4525,39.8648,2,0,0,0,0,0,0,0,0,0,0,0,31,87,165,309,514,631,630,672,606,689,741,741,779,782,832,858,849,945,973,1018,1103,1192,1230,1307,1249,909,598,414,296,285,283,222,171,152,70,18
203,十里河,116.4492,39.8509,3,0,0,0,0,0,0,0,0,0,0,1,56,115,240,492,865,1048,863,795,788,803,763,826,814,800,741,772,703,764,670,702,733,787,919,1096,1054,967,649,547,434,365,299,280,249,147,105,32
204,分钟寺,116.4419,39.8445,0,0,0,0,0,0,0,0,0,0,0,6,51,89,149,388,746,989,684,543,429,417,342,314,284,324,257,304,269,259,201,192,185,187,191,209,200,177,174,110,107,108,108,87,79,85,51,3
205,成寿寺,116.4336,39.8445,0,0,0,0,0,0,0,0,0,0,0,2,35,70,134,278,398,598,472,442,390,410,349,363,317,317,271,305,307,292,260,274,242,276,315,301,241,220,248,149,135,112,95,90,101,70,59,7
206,石榴庄,116.408,39.8445,0,0,0,0,0,0,0,0,0,0,0,13,53,74,144,307,411,443,394,424,410,424,383,332,285,286,265,319,280,305,263,232,223,259,259,222,245,246,181,155,162,140,105,98,91,71,46,7
207,大红门,116.3946,39.844,1,0,0,0,0,0,0,0,0,0,0,4,61,75,167,275,377,502,435,532,508,601,529,541,457,449,539,597,628,610,628,837,912,786,814,879,726,583,415,279,164,136,106,112,91,73,50,12
208,角门东,116.3803,39.8441,0,0,0,0,0,0,0,0,0,0,0,6,45,80,190,342,464,630,521,498,498,518,457,387,384,382,344,469,413,384,370,356,382,375,390,412,496,395,401,339,297,238,277,295,238,200,84,18
209,草桥,116.3466,39.8442,1,0,0,0,0,0,0,0,0,0,0,6,23,37,75,168,255,344,262,246,251,221,214,207,188,177,157,197,203,182,195,211,202,189,188,271,256,212,155,101,104,107,118,78,70,67,23,5
210,纪家庙,116.3284,39.8424,1,0,0,0,0,0,0,0,0,0,0,0,13,18,42,99,146,199,138,133,137,128,151,118,164,176,143,126,125,140,117,104,143,118,127,140,257,165,98,52,46,37,52,40,30,26,8,1
211,首经贸,116.315,39.8427,3,0,0,0,0,0,0,0,0,0,0,3,25,61,147,318,431,570,429,492,408,390,358,369,341,290,324,357,308,342,282,252,248,289,275,328,323,255,218,157,156,140,140,149,105,72,46,5
212,丰台站,116.3005,39.8458,1,0,0,0,0,0,0,0,0,0,0,4,24,36,93,205,284,307,222,296,263,238,213,167,161,151,158,188,164,156,148,143,119,115,124,129,130,114,109,94,68,72,65,79,57,31,27,4
213,泥洼,116.2995,39.8537,0,0,0,0,0,0,0,0,0,0,0,4,19,40,92,195,289,286,243,298,260,228,242,239,194,204,217,183,192,235,195,165,180,180,208,213,205,191,182,150,97,93,99,86,66,52,22,7
214,莲花桥,116.303,39.8941,0,0,0,0,0,0,0,0,0,0,0,1,7,12,37,73,105,135,129,143,138,127,159,168,148,148,134,151,142,145,159,171,131,195,225,211,221,139,148,119,81,61,125,115,72,38,21,3
215,西钓鱼台,116.2916,39.9211,1,0,0,0,0,0,0,0,0,0,0,2,4,36,89,178,288,333,291,309,372,398,387,413,353,287,299,320,267,331,310,359,347,353,376,369,371,312,291,220,153,146,132,153,79,89,32,9
216,车道沟,116.2894,39.9454,0,0,0,0,0,0,0,0,0,0,0,10,19,37,72,142,141,205,208,252,229,195,202,193,165,203,215,201,179,210,214,178,178,232,242,288,298,276,218,133,132,127,114,131,112,58,20,5
217,长春桥,116.2889,39.9559,0,0,0,0,0,0,0,0,0,0,0,14,13,32,74,100,161,189,201,195,214,254,231,244,233,269,258,285,309,306,357,394,374,403,489,521,539,610,602,476,489,371,425,434,448,493,230,17
218,火器营,116.2832,39.9646,1,0,0,0,0,0,0,0,0,0,0,7,7,14,42,67,112,134,110,107,99,91,105,113,73,88,97,95,90,84,80,82,76,94,107,128,90,70,71,72,51,56,48,36,32,28,10,2
219,新宫,116.3607,39.8097,1,0,0,0,0,0,0,0,0,0,0,0,38,177,382,659,1006,1049,826,815,744,746,650,604,538,525,478,500,483,481,467,414,384,350,389,330,377,332,279,260,158,177,166,128,118,71,42,18
220,西红门,116.324,39.7874,2,0,0,0,0,0,0,0,0,0,0,0,30,133,318,519,741,886,655,713,692,665,602,570,560,603,616,729,744,811,748,870,1032,932,1041,1063,1078,1013,943,817,805,881,799,895,873,616,277,48
221,高米店北,116.3257,39.7754,1,0,0,0,0,0,0,0,0,0,0,0,24,73,149,310,393,486,377,422,426,387,356,308,277,265,263,250,239,251,210,223,185,218,237,230,248,245,194,153,134,103,98,116,66,57,53,16
222,高米店南,116.3276,39.7626,0,0,0,0,0,0,0,0,0,0,0,0,18,56,92,159,285,324,262,371,343,399,318,364,333,341,395,352,319,297,252,242,250,279,374,347,362,319,289,210,192,167,186,155,127,103,45,10
223,枣园,116.3282,39.7527,0,0,0,0,0,0,0,0,0,0,0,1,24,87,234,408,589,678,487,591,517,547,485,453,379,367,362,331,344,285,335,303,328,251,263,290,275,213,210,181,158,112,137,81,95,83,44,23
224,清源路,116.3286,39.7406,0,0,0,0,0,0,0,0,0,0,0,0,14,69,179,303,367,481,369,398,413,417,376,380,315,319,327,278,276,307,251,242,277,240,279,296,258,250,177,153,147,113,95,86,64,63,32,7
225,黄村西大街,116.3289,39.73,0,1,0,0,0,0,0,0,0,0,0,2,21,94,178,348,482,624,535,518,551,592,597,524,482,442,435,457,460,461,430,432,406,400,402,389,397,336,309,287,211,183,166,180,125,88,48,9
226,黄村火车站,116.3279,39.7199,0,0,0,0,0,0,0,0,0,0,0,4,38,90,197,336,491,615,428,497,442,520,498,424,343,292,323,287,263,260,272,224,192,215,215,211,218,181,155,116,97,97,105,161,176,138,66,9
227,义和庄,116.3159,39.7101,0,0,0,0,0,0,0,0,0,0,0,0,7,18,39,83,115,113,103,100,137,74,87,74,54,65,72,75,102,60,58,68,75,49,63,72,60,64,39,46,38,33,19,22,13,8,7,0
228,生物医药基地,116.3182,39.6855,0,0,0,0,0,0,0,0,0,0,0,2,13,24,71,115,158,239,173,193,207,172,170,161,134,142,136,126,128,140,113,114,121,112,155,139,164,138,121,118,105,115,106,80,42,19,11,2
229,天宫院,116.316,39.6666,1,0,0,0,0,0,0,0,0,0,0,7,26,75,208,408,530,631,542,596,556,529,537,507,380,338,344,320,316,340,318,315,307,296,332,348,325,325,305,194,104,39,37,51,47,38,22,4
230,南邵,116.2791,40.2042,0,0,0,0,0,0,0,0,0,0,0,2,6,43,158,337,502,545,506,525,576,487,576,467,509,388,376,355,365,310,307,341,311,338,365,471,416,335,257,218,208,196,148,130,119,61,38,3
231,沙河高教园,116.2729,40.1624,0,0,0,0,0,0,0,0,0,0,0,0,6,18,77,188,292,391,354,384,423,387,422,358,316,301,236,218,240,219,195,191,156,132,187,179,154,122,135,84,60,61,61,44,45,40,19,0
232,沙河,116.2819,40.1454,0,0,0,0,0,0,0,0,0,0,0,0,12,70,357,673,973,1172,894,985,806,893,876,823,720,710,571,711,602,527,532,470,357,455,375,398,396,344,319,247,180,205,189,126,131,106,66,6
233,巩华城,116.2865,40.1287,0,0,0,0,0,0,0,0,0,0,0,0,0,1,7,22,42,50,35,39,34,39,45,34,12,23,26,24,22,19,23,15,22,10,16,14,18,18,8,14,8,4,3,2,5,2,3,0
234,生命科学园,116.2831,40.0908,1,0,0,0,0,0,0,0,0,0,0,2,14,87,224,412,740,891,742,758,714,679,704,639,598,561,520,489,521,461,509,446,411,469,473,529,448,434,455,385,362,271,324,310,288,158,70,12
235,大葆台,116.2876,39.8053,0,0,0,0,0,0,0,0,0,0,0,0,15,15,55,105,138,168,113,122,86,134,121,138,142,100,115,108,97,114,127,130,118,150,172,182,167,136,94,95,61,56,51,40,25,15,15,3
236,稻田,116.2132,39.7912,0,0,0,0,0,0,0,0,0,0,0,0,7,8,38,60,111,110,90,80,97,83,60,60,45,71,60,54,35,40,45,40,36,40,52,36,34,26,13,17,16,20,8,10,5,10,1,1
237,长阳,116.2084,39.7613,0,0,0,0,0,0,0,0,0,0,0,2,28,48,136,236,384,463,394,367,404,313,324,263,249,225,193,206,207,186,208,146,183,161,166,171,193,210,141,121,113,103,74,63,64,28,20,1
238,篱笆房,116.1857,39.7583,0,0,0,0,0,0,0,0,0,0,0,1,4,22,28,73,86,128,107,98,73,98,80,90,85,77,95,122,91,139,126,115,155,173,148,180,183,162,127,143,106,92,117,84,46,26,9,2
239,广阳城,116.1805,39.7456,0,0,0,0,0,0,0,0,0,0,0,2,3,13,24,81,84,119,84,94,66,66,76,65,60,69,58,61,45,46,45,35,40,53,56,57,40,47,38,29,36,26,18,22,6,4,4,3
240,良乡大学城北,116.1801,39.7302,0,0,0,0,0,0,0,0,0,0,0,0,7,16,21,37,59,83,93,80,91,134,116,93,71,73,86,71,72,68,53,50,63,63,64,68,48,46,35,27,26,9,21,14,13,10,5,0
241,良乡大学城,116.1743,39.7208,0,0,0,0,0,0,0,0,0,0,0,2,2,3,12,11,42,31,37,47,47,43,36,28,37,35,33,35,25,35,52,42,29,24,27,44,42,39,29,21,12,13,14,10,2,7,0,0
242,良乡大学城西,116.1549,39.7203,0,0,0,0,0,0,0,0,0,0,0,2,8,51,94,173,219,256,203,190,212,212,192,192,181,125,131,118,139,110,101,59,81,89,82,78,73,67,59,35,43,37,41,18,23,19,6,1
243,良乡南关,116.1418,39.7209,0,0,0,0,0,0,0,0,0,0,0,0,4,20,46,77,138,178,123,106,125,139,112,113,95,89,95,85,71,91,71,83,85,96,84,63,74,71,83,62,57,36,56,51,32,17,10,1
244,苏庄,116.1174,39.7212,0,0,0,0,0,0,0,0,0,0,0,1,6,35,66,180,268,292,218,212,253,281,242,255,224,191,141,153,128,125,123,133,128,146,140,116,126,123,107,85,85,80,65,40,32,36,12,2
245,肖村,116.4436,39.8329,0,0,0,0,0,0,0,0,0,0,0,0,0,25,41,95,130,145,147,135,113,110,77,97,118,105,96,123,112,107,74,98,119,128,148,156,204,279,183,115,63,50,31,31,20,25,9,1
246,小红门,116.4547,39.8265,0,0,0,0,0,0,0,0,0,0,0,0,9,46,76,113,172,176,139,137,115,100,94,93,64,75,62,48,66,78,78,64,54,60,69,73,78,77,68,55,32,31,22,24,20,26,14,2
247,旧宫,116.4563,39.806,0,0,0,0,0,0,0,0,0,0,0,0,10,75,121,250,440,505,372,388,301,338,317,282,251,262,242,248,197,213,215,189,190,193,207,223,205,220,191,135,114,94,83,69,75,42,47,7
248,亦庄桥,116.4762,39.8022,0,0,0,0,0,0,0,0,0,0,0,0,7,39,86,167,215,264,253,276,260,281,303,272,259,202,215,178,178,158,156,173,130,106,162,152,140,172,112,98,88,59,54,56,63,46,18,3
249,亦庄文化园,116.4853,39.806,0,0,0,0,0,0,0,0,0,0,0,0,6,16,22,60,93,109,94,97,107,104,99,90,87,99,89,87,74,101,84,69,74,74,92,102,105,96,88,64,61,43,44,49,35,28,14,2
250,万源街,116.5,39.8028,1,0,0,0,0,0,0,0,0,0,0,0,3,22,37,50,88,102,128,144,147,168,155,143,149,123,141,163,148,158,135,135,134,125,165,209,208,174,160,115,122,109,70,105,114,60,23,3
251,荣京东街,116.5087,39.7924,0,0,0,0,0,0,0,0,0,0,0,0,7,7,25,41,76,105,97,126,141,137,111,118,167,123,106,115,93,102,76,85,72,106,97,114,151,206,132,110,72,55,48,64,33,37,15,3
252,荣昌东街,116.5175,39.7821,0,0,0,0,0,0,0,0,0,0,0,0,9,45,65,149,233,316,296,323,342,311,352,318,266,250,212,189,265,206,189,173,151,172,166,195,218,213,163,147,112,84,96,63,59,38,12,2
253,同济南路,116.5357,39.7719,0,0,0,0,0,0,0,0,0,0,0,1,28,109,199,397,550,662,519,533,610,607,544,560,503,423,378,351,302,344,303,257,239,271,270,299,304,278,280,197,159,165,141,135,85,70,20,3
254,经海路,116.5595,39.784,0,0,0,0,0,0,0,0,0,0,0,2,6,28,49,94,150,222,185,184,191,190,216,155,175,180,139,123,144,122,116,102,78,86,97,135,154,149,114,73,87,53,47,30,30,13,9,2
255,次渠南,116.577,39.794,0,0,0,0,0,0,0,0,0,0,0,0,0,7,19,22,42,22,20,18,26,15,12,12,13,8,10,13,10,8,12,9,10,14,12,6,6,5,5,2,1,1,2,2,1,0,0,0
256,次渠,116.5857,39.8025,0,0,0,0,0,0,0,0,0,0,0,2,6,20,51,126,130,163,148,130,146,146,116,128,122,80,90,93,121,78,72,68,54,84,88,81,69,84,69,45,38,28,28,31,26,14,8,0
257,高碑店,116.5265,39.9085,1,0,0,0,0,0,0,0,0,0,0,0,4,13,37,68,86,127,121,104,124,119,137,137,120,134,105,110,109,124,103,87,102,138,160,187,241,233,205,164,110,79,63,61,63,31,19,15
258,传媒大学,116.5494,39.9091,0,0,0,0,0,0,0,0,0,0,0,0,42,107,195,323,431,630,537,522,487,481,431,444,462,407,447,456,350,358,309,335,312,393,371,342,343,314,291,261,168,151,128,148,121,115,70,12
259,双桥,116.5716,39.9099,2,0,0,0,0,0,0,0,0,0,0,2,44,102,226,437,741,900,668,656,536,472,456,463,417,429,399,411,441,396,371,300,296,272,385,407,398,393,339,292,231,215,221,201,166,116,78,27
260,管庄,116.5936,39.9092,0,0,0,0,0,0,0,0,0,0,0,3,32,87,183,341,539,657,507,549,408,453,429,407,351,358,345,316,340,300,254,232,239,234,251,268,234,239,228,166,129,125,91,123,79,89,53,18
261,八里桥,116.6138,39.9063,0,0,0,0,0,0,0,0,0,0,0,2,6,21,40,68,167,182,152,147,118,114,130,85,74,72,80,89,77,61,61,54,71,44,53,61,43,41,37,37,25,17,23,14,12,8,11,3
262,通州北苑,116.6319,39.9038,1,0,0,0,0,0,0,0,0,0,0,3,20,52,106,227,337,416,416,460,471,407,461,419,366,359,332,398,344,385,359,339,319,310,305,302,306,331,274,235,230,208,220,212,202,154,86,19
263,果园,116.6408,39.8933,0,0,0,0,0,0,0,0,0,0,0,0,15,40,105,242,373,525,434,416,365,400,368,284,246,259,230,229,242,248,201,193,157,177,165,191,163,141,127,125,100,80,72,90,71,58,48,13
264,九棵树,116.6519,39.89,1,0,0,0,0,0,0,0,0,0,0,3,16,46,66,131,235,317,249,273,233,247,219,236,201,265,204,220,229,262,251,215,207,195,215,227,204,189,170,157,150,163,155,149,148,96,45,16
265,梨园,116.6635,39.8834,2,0,0,0,0,0,0,0,0,0,0,14,30,81,180,396,601,732,594,631,551,504,482,427,410,388,382,364,402,360,359,351,317,333,334,283,306,313,256,202,176,150,139,136,121,76,47,9
266,临河里,116.6737,39.8755,0,0,0,0,0,0,0,0,0,0,0,5,13,50,71,159,251,333,240,228,203,202,201,177,167,142,128,120,131,118,118,100,86,79,103,93,76,72,67,56,41,32,31,33,27,24,7,0
267,土桥,116.681,39.8718,0,0,0,0,0,0,0,0,0,0,1,17,37,110,230,508,709,974,674,668,648,598,577,504,468,394,346,357,352,341,316,324,279,321,284,328,261,320,260,200,186,131,89,74,59,34,14,4
